asset_id,entry_id,collection_id,series,title,source_type,source_ref,cover_path,resolved_image_url,download_status,notes
FCA103,CVM001,castlevania_master,Castlevania,Castlevania,wikipedia_summary,Castlevania (1986 video game),/covers/castlevania/CVM001.png,https://upload.wikimedia.org/wikipedia/en/5/51/Castlevania_1_cover.png,downloaded,Primary article cover.
FCA104,CVM002,castlevania_master,Castlevania,Vampire Killer,wikipedia_summary,Vampire Killer,/covers/castlevania/CVM002.jpg,https://upload.wikimedia.org/wikipedia/en/6/67/Vampire_Killer_MSX.jpg,downloaded,Primary article cover.
FCA105,CVM003,castlevania_master,Castlevania,Castlevania II: Simon's Quest,wikipedia_summary,Castlevania II: Simon's Quest,/covers/castlevania/CVM003.png,https://upload.wikimedia.org/wikipedia/en/3/36/Castlevania_2_cover.png,downloaded,Primary article cover.
FCA106,CVM004,castlevania_master,Castlevania,Haunted Castle,wikipedia_summary,Haunted Castle (video game),/covers/castlevania/CVM004.jpg,https://upload.wikimedia.org/wikipedia/en/e/e0/Haunted_Castle_flyer.jpg,downloaded,Primary article flyer.
FCA107,CVM005,castlevania_master,Castlevania,Castlevania: The Adventure,wikipedia_summary,Castlevania: The Adventure,/covers/castlevania/CVM005.jpg,https://upload.wikimedia.org/wikipedia/en/a/ad/Castlevania_Adventureboxing.jpg,downloaded,Primary article cover.
FCA108,CVM006,castlevania_master,Castlevania,Castlevania III: Dracula's Curse,wikipedia_summary,Castlevania III: Dracula's Curse,/covers/castlevania/CVM006.jpg,https://upload.wikimedia.org/wikipedia/en/9/95/Castlevania_III_Dracula%27s_Curse.jpg,downloaded,Primary article cover.
FCA109,CVM007,castlevania_master,Castlevania,Kid Dracula,wikipedia_summary,Kid Dracula (1993 video game),/covers/castlevania/CVM007.jpg,https://upload.wikimedia.org/wikipedia/en/7/70/Kid_Dracula_%28cover%29.jpg,downloaded,Shared with Game Boy article as closest dedicated product art.
FCA110,CVM008,castlevania_master,Castlevania,Castlevania II: Belmont's Revenge,wikipedia_summary,Castlevania II: Belmont's Revenge,/covers/castlevania/CVM008.jpg,https://upload.wikimedia.org/wikipedia/en/7/76/Castlevania_II_Belmont%27s_Revenge.jpg,downloaded,Primary article cover.
FCA111,CVM009,castlevania_master,Castlevania,Super Castlevania IV,wikipedia_summary,Super Castlevania IV,/covers/castlevania/CVM009.png,https://upload.wikimedia.org/wikipedia/en/thumb/c/c2/Super_Castlevania_IV_North_American_SNES_box_art.png/330px-Super_Castlevania_IV_North_American_SNES_box_art.png,downloaded,Primary article cover.
FCA112,CVM010,castlevania_master,Castlevania,Akumajo Dracula (X68000),wikipedia_summary,Castlevania Chronicles,/covers/castlevania/CVM010.jpg,https://upload.wikimedia.org/wikipedia/en/0/09/Castlevania_chronicles_na.jpg,downloaded,Shared with remaster article for the same game lineage.
FCA113,CVM011,castlevania_master,Castlevania,Castlevania: Rondo of Blood,wikipedia_summary,Castlevania: Rondo of Blood,/covers/castlevania/CVM011.jpg,https://upload.wikimedia.org/wikipedia/en/2/2e/Dracula_x_%28j%29_front.jpg,downloaded,Primary article cover.
FCA114,CVM012,castlevania_master,Castlevania,Kid Dracula (Game Boy),wikipedia_summary,Kid Dracula (1993 video game),/covers/castlevania/CVM012.jpg,https://upload.wikimedia.org/wikipedia/en/7/70/Kid_Dracula_%28cover%29.jpg,downloaded,Primary article cover.
FCA115,CVM013,castlevania_master,Castlevania,Castlevania: Bloodlines,wikipedia_summary,Castlevania: Bloodlines,/covers/castlevania/CVM013.jpg,https://upload.wikimedia.org/wikipedia/en/a/af/Castlevania_Bloodlines.jpg,downloaded,Primary article cover.
FCA116,CVM014,castlevania_master,Castlevania,Castlevania: Dracula X,wikipedia_summary,Castlevania: Dracula X,/covers/castlevania/CVM014.png,https://upload.wikimedia.org/wikipedia/en/thumb/3/37/Castlevania_Dracula_X_cover_art.png/330px-Castlevania_Dracula_X_cover_art.png,downloaded,Primary article cover.
FCA117,CVM015,castlevania_master,Castlevania,Castlevania: Symphony of the Night,wikipedia_summary,Castlevania: Symphony of the Night,/covers/castlevania/CVM015.jpg,https://upload.wikimedia.org/wikipedia/en/c/cf/Castlevania_SOTN_PAL.jpg,downloaded,Primary article cover.
FCA118,CVM016,castlevania_master,Castlevania,Castlevania Legends,wikipedia_summary,Castlevania Legends,/covers/castlevania/CVM016.jpg,https://upload.wikimedia.org/wikipedia/en/2/28/Castlevania_Legends.jpg,downloaded,Primary article cover.
FCA119,CVM017,castlevania_master,Castlevania,Castlevania (Nintendo 64),wikipedia_summary,Castlevania (Nintendo 64),/covers/castlevania/CVM017.jpg,https://upload.wikimedia.org/wikipedia/en/thumb/0/0b/Castlevania_%28Nintendo_64%29.jpg/330px-Castlevania_%28Nintendo_64%29.jpg,downloaded,Primary article cover.
FCA120,CVM018,castlevania_master,Castlevania,Castlevania: Legacy of Darkness,wikipedia_summary,Castlevania: Legacy of Darkness,/covers/castlevania/CVM018.jpg,https://upload.wikimedia.org/wikipedia/en/3/37/Castlevania_Legacy_of_Darkness.jpg,downloaded,Primary article cover.
FCA121,CVM019,castlevania_master,Castlevania,Castlevania: Circle of the Moon,game_cover_sync,game:castlevania_circle_of_the_moon,/covers/games/castlevania_circle_of_the_moon.jpg,https://d2d2z3qzqjizpf.cloudfront.net/eyJidWNrZXQiOiJnZ2FwcCIsImtleSI6Im1lZGlhL2dhbWVzL1E5anU3NC9mMDE1N2JkOS00MzM1LTQwMGEtOTlhYy1hYzU1MzNlNmFjY2UucG5nIiwiZWRpdHMiOnsidG9Gb3JtYXQiOiJqcGciLCJqcGVnIjp7InF1YWxpdHkiOjgwLCJjaHJvbWFTdWJzYW1wbGluZyI6IjQ6NDo0In0sInJlc2l6ZSI6eyJ3aWR0aCI6MzE2LCJoZWlnaHQiOjQ3NH19fQ==,downloaded,Synced from mapped game cover castlevania_circle_of_the_moon (ggapp_export; https://ggapp.io/games/Q9ju74/castlevania-circle-of-the-moon).
FCA122,CVM020,castlevania_master,Castlevania,Castlevania Chronicles,wikipedia_summary,Castlevania Chronicles,/covers/castlevania/CVM020.jpg,https://upload.wikimedia.org/wikipedia/en/0/09/Castlevania_chronicles_na.jpg,downloaded,Primary article cover.
FCA123,CVM021,castlevania_master,Castlevania,Castlevania: Harmony of Dissonance,game_cover_sync,game:castlevania_harmony_of_dissonance,/covers/games/castlevania_harmony_of_dissonance.jpg,https://d2d2z3qzqjizpf.cloudfront.net/eyJidWNrZXQiOiJnZ2FwcCIsImtleSI6Im1lZGlhL2dhbWVzL1AybDBjWS8xZjVjYzJjOS1kMTFmLTQzYjUtOGNkMS1kZmQ5M2M4MmVjODcucG5nIiwiZWRpdHMiOnsidG9Gb3JtYXQiOiJqcGciLCJqcGVnIjp7InF1YWxpdHkiOjgwLCJjaHJvbWFTdWJzYW1wbGluZyI6IjQ6NDo0In0sInJlc2l6ZSI6eyJ3aWR0aCI6MzE2LCJoZWlnaHQiOjQ3NH19fQ==,downloaded,Synced from mapped game cover castlevania_harmony_of_dissonance (ggapp_export; https://ggapp.io/games/P2l0cY/castlevania-harmony-of-dissonance).
FCA124,CVM022,castlevania_master,Castlevania,Castlevania: Aria of Sorrow,game_cover_sync,game:castlevania_aria_of_sorrow,/covers/games/castlevania_aria_of_sorrow.jpg,https://d2d2z3qzqjizpf.cloudfront.net/eyJidWNrZXQiOiJnZ2FwcCIsImtleSI6Im1lZGlhL2dhbWVzL0c5ZXI4Ti84YWZmM2JhMS02NDQ4LTQ2MGYtYmUwZS0xMzEzNDY4MWE2NDAucG5nIiwiZWRpdHMiOnsidG9Gb3JtYXQiOiJqcGciLCJqcGVnIjp7InF1YWxpdHkiOjgwLCJjaHJvbWFTdWJzYW1wbGluZyI6IjQ6NDo0In0sInJlc2l6ZSI6eyJ3aWR0aCI6MzE2LCJoZWlnaHQiOjQ3NH19fQ==,downloaded,Synced from mapped game cover castlevania_aria_of_sorrow (ggapp_export; https://ggapp.io/games/G9er8N/castlevania-aria-of-sorrow).
FCA125,CVM023,castlevania_master,Castlevania,Castlevania: Lament of Innocence,wikipedia_summary,Castlevania: Lament of Innocence,/covers/castlevania/CVM023.jpg,https://upload.wikimedia.org/wikipedia/en/c/cc/Castlevania_-_Lament_of_Innocense_%28Gamecover%29.jpg,downloaded,Primary article cover.
FCA126,CVM024,castlevania_master,Castlevania,Castlevania: Dawn of Sorrow,game_cover_sync,game:castlevania_dawn_of_sorrow,/covers/games/castlevania_dawn_of_sorrow.jpg,https://d2d2z3qzqjizpf.cloudfront.net/eyJidWNrZXQiOiJnZ2FwcCIsImtleSI6Im1lZGlhL2dhbWVzL052VGpHeS8yYjBhNzdkNi0zZjgyLTQwZDAtYjg3ZC01NDgzYzhjNzVlZGIucG5nIiwiZWRpdHMiOnsidG9Gb3JtYXQiOiJqcGciLCJqcGVnIjp7InF1YWxpdHkiOjgwLCJjaHJvbWFTdWJzYW1wbGluZyI6IjQ6NDo0In0sInJlc2l6ZSI6eyJ3aWR0aCI6MzE2LCJoZWlnaHQiOjQ3NH19fQ==,downloaded,Synced from mapped game cover castlevania_dawn_of_sorrow (ggapp_export; https://ggapp.io/games/NvTjGy/castlevania-dawn-of-sorrow).
FCA127,CVM025,castlevania_master,Castlevania,Castlevania: Curse of Darkness,wikipedia_summary,Castlevania: Curse of Darkness,/covers/castlevania/CVM025.webp,https://upload.wikimedia.org/wikipedia/en/2/26/CurseOfDarkness_NA_Cover.webp,downloaded,Primary article cover.
FCA128,CVM026,castlevania_master,Castlevania,Castlevania: Portrait of Ruin,wikipedia_summary,Castlevania: Portrait of Ruin,/covers/castlevania/CVM026.jpg,https://upload.wikimedia.org/wikipedia/en/thumb/f/f2/Portrait_of_Ruin.jpg/330px-Portrait_of_Ruin.jpg,downloaded,Primary article cover.
FCA129,CVM027,castlevania_master,Castlevania,Castlevania: Order of Shadows,wikipedia_summary,Castlevania: Order of Shadows,/covers/castlevania/CVM027.png,https://upload.wikimedia.org/wikipedia/en/e/e6/CastlevaniaOrderofshadows.png,downloaded,Primary article cover.
FCA130,CVM028,castlevania_master,Castlevania,Castlevania: The Dracula X Chronicles,wikipedia_summary,Castlevania: The Dracula X Chronicles,/covers/castlevania/CVM028.jpg,https://upload.wikimedia.org/wikipedia/en/a/a4/Castlevania_Dracula_X_Chronicles.jpg,downloaded,Primary article cover.
FCA131,CVM029,castlevania_master,Castlevania,Castlevania Judgment,wikipedia_summary,Castlevania Judgment,/covers/castlevania/CVM029.jpg,https://upload.wikimedia.org/wikipedia/en/7/74/Castlevania_Judgement.jpg,downloaded,Primary article cover.
FCA132,CVM030,castlevania_master,Castlevania,Castlevania: Order of Ecclesia,wikipedia_summary,Castlevania: Order of Ecclesia,/covers/castlevania/CVM030.jpg,https://upload.wikimedia.org/wikipedia/en/1/18/Castlevania_ooe_front_cover.jpg,downloaded,Primary article cover.
FCA133,CVM031,castlevania_master,Castlevania,Castlevania: The Adventure ReBirth,wikipedia_summary,Castlevania: The Adventure ReBirth,/covers/castlevania/CVM031.png,https://upload.wikimedia.org/wikipedia/en/3/38/Castlevania_-_The_Adventure_ReBirth_Coverart.png,downloaded,Primary article cover.
FCA134,CVM032,castlevania_master,Castlevania,Castlevania: The Arcade,wikipedia_summary,Castlevania: The Arcade,/covers/castlevania/CVM032.jpg,https://upload.wikimedia.org/wikipedia/en/7/73/CastlevaniaTheArcade2009UKFlyer.jpg,downloaded,Primary article flyer.
FCA135,CVM033,castlevania_master,Castlevania,Castlevania Puzzle: Encore of the Night,wikipedia_summary,Castlevania Puzzle: Encore of the Night,/covers/castlevania/CVM033.jpg,https://upload.wikimedia.org/wikipedia/en/a/ac/Catlevania_puzzle_app_logo.jpg,downloaded,Primary article art.
FCA136,CVM034,castlevania_master,Castlevania,Castlevania: Harmony of Despair,wikipedia_summary,Castlevania: Harmony of Despair,/covers/castlevania/CVM034.png,https://upload.wikimedia.org/wikipedia/en/c/ce/CastlevaniaHarmonyofDespair.png,downloaded,Primary article cover.
FCA137,CVM035,castlevania_master,Castlevania,Castlevania: Lords of Shadow,wikipedia_summary,Castlevania: Lords of Shadow,/covers/castlevania/CVM035.png,https://upload.wikimedia.org/wikipedia/en/f/f0/Castlevania_Lords_of_Shadow.png,downloaded,Primary article cover.
FCA138,CVM036,castlevania_master,Castlevania,Castlevania: Lords of Shadow - Mirror of Fate,wikipedia_summary,Castlevania: Lords of Shadow - Mirror of Fate,/covers/castlevania/CVM036.jpg,https://upload.wikimedia.org/wikipedia/en/8/8d/Castlevania_Lords_of_Shadow_Mirror_of_Fate.jpg,downloaded,Primary article cover.
FCA139,CVM037,castlevania_master,Castlevania,Castlevania: Lords of Shadow 2,wikipedia_summary,Castlevania: Lords of Shadow 2,/covers/castlevania/CVM037.jpg,https://upload.wikimedia.org/wikipedia/en/6/6c/Castlevania_Lords_of_Shadow_2_boxart.jpg,downloaded,Primary article cover.
FCA140,CVM038,castlevania_master,Castlevania,Castlevania Requiem,direct_url,https://image.api.playstation.com/cdn/UP0101/CUSA13434_00/LEmkby25T8JSfofEgDKXQgDAemcE7DIv.png,/covers/castlevania/CVM038.png,https://image.api.playstation.com/cdn/UP0101/CUSA13434_00/LEmkby25T8JSfofEgDKXQgDAemcE7DIv.png,downloaded,PlayStation Store product image.
FCA141,CVM039,castlevania_master,Castlevania,Castlevania Anniversary Collection,direct_url,https://www.konami.com/games/50th/ac/s/img/share_img.jpg,/covers/castlevania/CVM039.jpg,https://www.konami.com/games/50th/ac/s/img/share_img.jpg,downloaded,Official Konami share image.
FCA142,CVM040,castlevania_master,Castlevania,Castlevania: Grimoire of Souls,direct_url,https://www.konami.com/games/castlevania/gos/s/img/sns_gos_global.jpg,/covers/castlevania/CVM040.jpg,https://www.konami.com/games/castlevania/gos/s/img/sns_gos_global.jpg,downloaded,Official Konami share image.
FCA143,CVM041,castlevania_master,Castlevania,Castlevania Advance Collection,direct_url,https://www.konami.com/games/castlevania/advance_collection/s/images/sns_castlevania_gba.jpg,/covers/castlevania/CVM041.jpg,https://www.konami.com/games/castlevania/advance_collection/s/images/sns_castlevania_gba.jpg,downloaded,Official Konami share image.
FCA144,CVM042,castlevania_master,Castlevania,Castlevania Dominus Collection,direct_url,https://www.konami.com/games/castlevania/dominus_collection/s/images/sns_castlevania_dominus.jpg,/covers/castlevania/CVM042.jpg,https://www.konami.com/games/castlevania/dominus_collection/s/images/sns_castlevania_dominus.jpg,downloaded,Official Konami share image.
FCA145,CVM043,castlevania_master,Castlevania,Haunted Castle Revisited,direct_url,https://www.konami.com/games/castlevania/dominus_collection/s/images/sns_castlevania_dominus.jpg,/covers/castlevania/CVM043.jpg,https://www.konami.com/games/castlevania/dominus_collection/s/images/sns_castlevania_dominus.jpg,downloaded,Featured within Dominus Collection official art.
FCA146,CVM044,castlevania_master,Castlevania,Castlevania: Belmont's Curse,wikipedia_summary,Castlevania: Belmont's Curse,/covers/castlevania/CVM044.png,https://upload.wikimedia.org/wikipedia/en/6/62/Castlevania_Belmont%27s_Curse_Promotional_Teaser_Image.png,downloaded,Promotional teaser art from article page.
FCA147,FFM001,final_fantasy_master,Final Fantasy,Final Fantasy,wikipedia_summary,Final Fantasy (video game),/covers/final-fantasy/FFM001.jpg,https://upload.wikimedia.org/wikipedia/en/d/d8/FF1_USA_boxart.jpg,downloaded,Primary article cover.
FCA148,FFM002,final_fantasy_master,Final Fantasy,Final Fantasy II,wikipedia_summary,Final Fantasy II,/covers/final-fantasy/FFM002.jpg,https://upload.wikimedia.org/wikipedia/en/f/f0/Ff2cover.jpg,downloaded,Primary article cover.
FCA149,FFM003,final_fantasy_master,Final Fantasy,Final Fantasy III,wikipedia_summary,Final Fantasy III,/covers/final-fantasy/FFM003.jpg,https://upload.wikimedia.org/wikipedia/en/thumb/8/86/Ff3cover.jpg/330px-Ff3cover.jpg,downloaded,Primary article cover.
FCA150,FFM004,final_fantasy_master,Final Fantasy,Final Fantasy IV,wikipedia_summary,Final Fantasy IV,/covers/final-fantasy/FFM004.jpg,https://upload.wikimedia.org/wikipedia/en/thumb/9/90/Final_Fantasy_IV.jpg/330px-Final_Fantasy_IV.jpg,downloaded,Primary article cover.
FCA151,FFM005,final_fantasy_master,Final Fantasy,Final Fantasy V,wikipedia_summary,Final Fantasy V,/covers/final-fantasy/FFM005.jpg,https://upload.wikimedia.org/wikipedia/en/thumb/0/00/Final_Fantasy_V_Box_JAP.jpg/330px-Final_Fantasy_V_Box_JAP.jpg,downloaded,Primary article cover.
FCA152,FFM006,final_fantasy_master,Final Fantasy,Final Fantasy VI,wikipedia_summary,Final Fantasy VI,/covers/final-fantasy/FFM006.jpg,https://upload.wikimedia.org/wikipedia/en/thumb/0/05/Final_Fantasy_VI.jpg/330px-Final_Fantasy_VI.jpg,downloaded,Primary article cover.
FCA153,FFM007,final_fantasy_master,Final Fantasy,Final Fantasy VII,game_cover_sync,game:final_fantasy_vii_original,/covers/games/final_fantasy_vii_original.jpg,https://d2d2z3qzqjizpf.cloudfront.net/eyJidWNrZXQiOiJnZ2FwcCIsImtleSI6Im1lZGlhL2dhbWVzL1JOQ3Q4Si9jYzhjYzBmNS02ZjMyLTQzZTMtOGI4NS03NzU0YWE3NThmMzMuanBnIiwiZWRpdHMiOnsidG9Gb3JtYXQiOiJqcGciLCJqcGVnIjp7InF1YWxpdHkiOjgwLCJjaHJvbWFTdWJzYW1wbGluZyI6IjQ6NDo0In0sInJlc2l6ZSI6eyJ3aWR0aCI6MzE2LCJoZWlnaHQiOjQ3NH19fQ==,downloaded,Synced from mapped game cover final_fantasy_vii_original (ggapp_export; https://ggapp.io/games/RNCt8J/final-fantasy-vii).
FCA154,FFM008,final_fantasy_master,Final Fantasy,Final Fantasy Tactics,wikipedia_summary,Final Fantasy Tactics,/covers/final-fantasy/FFM008.jpg,https://upload.wikimedia.org/wikipedia/en/4/4b/Fftbox.jpg,downloaded,Primary article cover.
FCA155,FFM009,final_fantasy_master,Final Fantasy,Final Fantasy VIII,wikipedia_summary,Final Fantasy VIII,/covers/final-fantasy/FFM009.jpg,https://upload.wikimedia.org/wikipedia/en/5/5d/Final_Fantasy_8_ntsc-front.jpg,downloaded,Primary article cover.
FCA156,FFM010,final_fantasy_master,Final Fantasy,Final Fantasy IX,wikipedia_summary,Final Fantasy IX,/covers/final-fantasy/FFM010.jpg,https://upload.wikimedia.org/wikipedia/en/5/51/Ffixbox.jpg,downloaded,Primary article cover.
FCA157,FFM011,final_fantasy_master,Final Fantasy,Final Fantasy X,wikipedia_summary,Final Fantasy X,/covers/final-fantasy/FFM011.jpg,https://upload.wikimedia.org/wikipedia/en/a/a7/Ffxboxart.jpg,downloaded,Primary article cover.
FCA158,FFM012,final_fantasy_master,Final Fantasy,Final Fantasy XI: Online,wikipedia_summary,Final Fantasy XI,/covers/final-fantasy/FFM012.png,https://upload.wikimedia.org/wikipedia/en/0/01/Final_Fantasy_XI_logo.png,downloaded,Primary article logo.
FCA159,FFM013,final_fantasy_master,Final Fantasy,Final Fantasy X-2,wikipedia_summary,Final Fantasy X-2,/covers/final-fantasy/FFM013.png,https://upload.wikimedia.org/wikipedia/en/b/b8/Final_Fantasy_X-2_cover_art.png,downloaded,Primary article cover.
FCA160,FFM014,final_fantasy_master,Final Fantasy,Final Fantasy Tactics Advance,wikipedia_summary,Final Fantasy Tactics Advance,/covers/final-fantasy/FFM014.jpg,https://upload.wikimedia.org/wikipedia/en/c/c4/FinalFantasyTacticsAdvanceGBACoverArtUS.jpg,downloaded,Primary article cover.
FCA161,FFM015,final_fantasy_master,Final Fantasy,Final Fantasy Crystal Chronicles,direct_url,"https://assets.nintendo.com/image/upload/c_fill,w_1200/q_auto:best/f_auto/dpr_2.0/store/software/switch/70010000027419/a138045cd1ef99d67758093e43de4a697591ef26a898e564d4dc2df08a8260b2",/covers/final-fantasy/FFM015.jpg,"https://assets.nintendo.com/image/upload/c_fill,w_1200/q_auto:best/f_auto/dpr_2.0/store/software/switch/70010000027419/a138045cd1ef99d67758093e43de4a697591ef26a898e564d4dc2df08a8260b2",downloaded,No stable original box art found in current sources; using official remastered key art.
FCA162,FFM016,final_fantasy_master,Final Fantasy,Before Crisis: Final Fantasy VII,wikipedia_summary,Before Crisis: Final Fantasy VII,/covers/final-fantasy/FFM016.png,https://upload.wikimedia.org/wikipedia/en/c/c3/Final_fantasy_vii_before_crisis_logo.PNG,downloaded,Primary article cover.
FCA163,FFM017,final_fantasy_master,Final Fantasy,Final Fantasy VII Snowboarding,wikipedia_summary,Final Fantasy VII,/covers/final-fantasy/FFM017.jpg,https://upload.wikimedia.org/wikipedia/en/c/c2/Final_Fantasy_VII_Box_Art.jpg,downloaded,Shared with parent article.
FCA164,FFM018,final_fantasy_master,Final Fantasy,Final Fantasy IV Advance,wikipedia_summary,Final Fantasy IV,/covers/final-fantasy/FFM018.jpg,https://upload.wikimedia.org/wikipedia/en/thumb/9/90/Final_Fantasy_IV.jpg/330px-Final_Fantasy_IV.jpg,downloaded,Shared with parent article.
FCA165,FFM019,final_fantasy_master,Final Fantasy,Final Fantasy XII,game_cover_sync,game:final_fantasy_xii,/covers/games/final_fantasy_xii.jpg,https://d2d2z3qzqjizpf.cloudfront.net/eyJidWNrZXQiOiJnZ2FwcCIsImtleSI6Im1lZGlhL2dhbWVzL3VDTkhNSi82MGNmODhmMi0zOWJhLTQ2NjAtYWZhMi02M2FiMDlmNTgwNzQuanBnIiwiZWRpdHMiOnsidG9Gb3JtYXQiOiJqcGciLCJqcGVnIjp7InF1YWxpdHkiOjgwLCJjaHJvbWFTdWJzYW1wbGluZyI6IjQ6NDo0In0sInJlc2l6ZSI6eyJ3aWR0aCI6MzE2LCJoZWlnaHQiOjQ3NH19fQ==,downloaded,Synced from mapped game cover final_fantasy_xii (ggapp_export; https://ggapp.io/games/uCNHMJ/final-fantasy-xii).
FCA166,FFM020,final_fantasy_master,Final Fantasy,Dirge of Cerberus: Final Fantasy VII,wikipedia_summary,Dirge of Cerberus: Final Fantasy VII,/covers/final-fantasy/FFM020.jpg,https://upload.wikimedia.org/wikipedia/en/1/11/Dirgeofcerberususbox.jpg,downloaded,Primary article cover.
FCA167,FFM021,final_fantasy_master,Final Fantasy,Dirge of Cerberus Lost Episode: Final Fantasy VII,wikipedia_summary,Dirge of Cerberus: Final Fantasy VII,/covers/final-fantasy/FFM021.jpg,https://upload.wikimedia.org/wikipedia/en/1/11/Dirgeofcerberususbox.jpg,downloaded,Shared with parent article.
FCA168,FFM022,final_fantasy_master,Final Fantasy,Final Fantasy V Advance,wikipedia_summary,Final Fantasy V,/covers/final-fantasy/FFM022.jpg,https://upload.wikimedia.org/wikipedia/en/thumb/0/00/Final_Fantasy_V_Box_JAP.jpg/330px-Final_Fantasy_V_Box_JAP.jpg,downloaded,Shared with parent article.
FCA169,FFM023,final_fantasy_master,Final Fantasy,Final Fantasy VI Advance,wikipedia_summary,Final Fantasy VI,/covers/final-fantasy/FFM023.jpg,https://upload.wikimedia.org/wikipedia/en/thumb/0/05/Final_Fantasy_VI.jpg/330px-Final_Fantasy_VI.jpg,downloaded,Shared with parent article.
FCA170,FFM024,final_fantasy_master,Final Fantasy,Final Fantasy III 3D Remake,wikipedia_summary,Final Fantasy III,/covers/final-fantasy/FFM024.jpg,https://upload.wikimedia.org/wikipedia/en/thumb/8/86/Ff3cover.jpg/330px-Ff3cover.jpg,downloaded,No dedicated remake art found in current sources; shared with original article.
FCA171,FFM025,final_fantasy_master,Final Fantasy,Final Fantasy XII: Revenant Wings,wikipedia_summary,Final Fantasy XII: Revenant Wings,/covers/final-fantasy/FFM025.png,https://upload.wikimedia.org/wikipedia/en/thumb/0/07/Final_Fantasy_XII_-_Revenant_Wings_Coverart.png/330px-Final_Fantasy_XII_-_Revenant_Wings_Coverart.png,downloaded,Primary article cover.
FCA172,FFM026,final_fantasy_master,Final Fantasy,Crisis Core: Final Fantasy VII,game_cover_sync,game:crisis_core_final_fantasy_vii,/covers/games/crisis_core_final_fantasy_vii.jpg,https://d2d2z3qzqjizpf.cloudfront.net/eyJidWNrZXQiOiJnZ2FwcCIsImtleSI6Im1lZGlhL2dhbWVzL0JESUlpUC8yZTEwMTc1OS1kNWY5LTRiYzMtYmFkOC00MjhkZjA0NzY0ZTUucG5nIiwiZWRpdHMiOnsidG9Gb3JtYXQiOiJqcGciLCJqcGVnIjp7InF1YWxpdHkiOjgwLCJjaHJvbWFTdWJzYW1wbGluZyI6IjQ6NDo0In0sInJlc2l6ZSI6eyJ3aWR0aCI6MzE2LCJoZWlnaHQiOjQ3NH19fQ==,downloaded,Synced from mapped game cover crisis_core_final_fantasy_vii (ggapp_export; https://ggapp.io/games/BDIIiP/crisis-core-final-fantasy-vii).
FCA173,FFM027,final_fantasy_master,Final Fantasy,Final Fantasy Tactics: The War of the Lions,wikipedia_summary,Final Fantasy Tactics: The War of the Lions,/covers/final-fantasy/FFM027.jpg,https://upload.wikimedia.org/wikipedia/en/0/04/Fftpsp3.jpg,downloaded,Primary article cover.
FCA174,FFM028,final_fantasy_master,Final Fantasy,Final Fantasy XII International Zodiac Job System,wikipedia_summary,Final Fantasy XII,/covers/final-fantasy/FFM028.png,https://upload.wikimedia.org/wikipedia/en/2/27/Final_Fantasy_XII_Box_Art.png,downloaded,Shared with parent article.
FCA175,FFM029,final_fantasy_master,Final Fantasy,Final Fantasy Crystal Chronicles: Ring of Fates,wikipedia_summary,Final Fantasy Crystal Chronicles: Ring of Fates,/covers/final-fantasy/FFM029.jpg,https://upload.wikimedia.org/wikipedia/en/thumb/5/55/Final_Fantasy_Crystal_Chronicles_-_Ring_of_Fates.jpg/330px-Final_Fantasy_Crystal_Chronicles_-_Ring_of_Fates.jpg,downloaded,Primary article cover.
FCA176,FFM030,final_fantasy_master,Final Fantasy,Final Fantasy IV: The After Years,wikipedia_summary,Final Fantasy IV: The After Years,/covers/final-fantasy/FFM030.png,https://upload.wikimedia.org/wikipedia/en/1/11/FF4TA-Logo.png,downloaded,Primary article cover.
FCA177,FFM031,final_fantasy_master,Final Fantasy,Dissidia Final Fantasy,game_cover_sync,game:dissidia_final_fantasy,/covers/games/dissidia_final_fantasy.jpg,https://d2d2z3qzqjizpf.cloudfront.net/eyJidWNrZXQiOiJnZ2FwcCIsImtleSI6Im1lZGlhL2dhbWVzL2lQU0VPVC8xZTAzNmQxNS1hYjcxLTRiM2UtYmM4Ni04MTBkNmVjYThiYzIucG5nIiwiZWRpdHMiOnsidG9Gb3JtYXQiOiJqcGciLCJqcGVnIjp7InF1YWxpdHkiOjgwLCJjaHJvbWFTdWJzYW1wbGluZyI6IjQ6NDo0In0sInJlc2l6ZSI6eyJ3aWR0aCI6MzE2LCJoZWlnaHQiOjQ3NH19fQ==,downloaded,Synced from mapped game cover dissidia_final_fantasy (ggapp_export; https://ggapp.io/games/iPSEOT/dissidia-final-fantasy).
FCA178,FFM032,final_fantasy_master,Final Fantasy,Final Fantasy Tactics A2: Grimoire of the Rift,wikipedia_summary,Final Fantasy Tactics A2: Grimoire of the Rift,/covers/final-fantasy/FFM032.jpg,https://upload.wikimedia.org/wikipedia/en/thumb/e/e3/Final_Fantasy_Tactics_A2.jpg/330px-Final_Fantasy_Tactics_A2.jpg,downloaded,Primary article cover.
FCA179,FFM033,final_fantasy_master,Final Fantasy,Final Fantasy Crystal Chronicles: My Life as a King,wikipedia_summary,Final Fantasy Crystal Chronicles: My Life as a King,/covers/final-fantasy/FFM033.jpg,https://upload.wikimedia.org/wikipedia/en/thumb/f/f3/Ffccmlaaklogo.jpg/330px-Ffccmlaaklogo.jpg,downloaded,Primary article cover.
FCA180,FFM034,final_fantasy_master,Final Fantasy,Final Fantasy XIII,game_cover_sync,game:final_fantasy_xiii,/covers/games/final_fantasy_xiii.jpg,https://d2d2z3qzqjizpf.cloudfront.net/eyJidWNrZXQiOiJnZ2FwcCIsImtleSI6Im1lZGlhL2dhbWVzL1pjS2pTTS9lNDBjMTY2Zi04ZWFhLTQ5ZjMtOGZmNy1hODI3NTkwOWUxYzAuanBnIiwiZWRpdHMiOnsidG9Gb3JtYXQiOiJqcGciLCJqcGVnIjp7InF1YWxpdHkiOjgwLCJjaHJvbWFTdWJzYW1wbGluZyI6IjQ6NDo0In0sInJlc2l6ZSI6eyJ3aWR0aCI6MzE2LCJoZWlnaHQiOjQ3NH19fQ==,downloaded,Synced from mapped game cover final_fantasy_xiii (ggapp_export; https://ggapp.io/games/ZcKjSM/final-fantasy-r-xiii).
FCA181,FFM035,final_fantasy_master,Final Fantasy,Final Fantasy Crystal Chronicles: Echoes of Time,wikipedia_summary,Final Fantasy Crystal Chronicles: Echoes of Time,/covers/final-fantasy/FFM035.jpg,https://upload.wikimedia.org/wikipedia/en/1/15/CC_Echoes_of_Time_cover_art.jpg,downloaded,Primary article cover.
FCA182,FFM036,final_fantasy_master,Final Fantasy,Final Fantasy Crystal Chronicles: My Life as a Darklord,wikipedia_summary,Final Fantasy Crystal Chronicles: My Life as a Darklord,/covers/final-fantasy/FFM036.jpg,https://upload.wikimedia.org/wikipedia/en/thumb/c/cc/FFCC_Dark_Lord_logo.jpg/330px-FFCC_Dark_Lord_logo.jpg,downloaded,Primary article cover.
FCA183,FFM037,final_fantasy_master,Final Fantasy,Final Fantasy Crystal Chronicles: The Crystal Bearers,wikipedia_summary,Final Fantasy Crystal Chronicles: The Crystal Bearers,/covers/final-fantasy/FFM037.png,https://upload.wikimedia.org/wikipedia/en/0/09/Final_Fantasy_Crystal_Chronicles_-_The_Crystal_Bearers.png,downloaded,Primary article cover.
FCA184,FFM038,final_fantasy_master,Final Fantasy,Final Fantasy XIV: Online,wikipedia_summary,Final Fantasy XIV,/covers/final-fantasy/FFM038.jpg,https://upload.wikimedia.org/wikipedia/en/a/a1/Final_Fantasy_XIV%2C_A_Realm_Reborn_box_cover.jpg,downloaded,Primary series article image.
FCA185,FFM039,final_fantasy_master,Final Fantasy,Final Fantasy XIII-2,game_cover_sync,game:final_fantasy_xiii_2,/covers/games/final_fantasy_xiii_2.jpg,https://d2d2z3qzqjizpf.cloudfront.net/eyJidWNrZXQiOiJnZ2FwcCIsImtleSI6Im1lZGlhL2dhbWVzL3FPemFuRi9hODRjMDJhYS1kZjdmLTQ2Y2MtYjE2ZC1lYWM0MmU4NDVkNjUucG5nIiwiZWRpdHMiOnsidG9Gb3JtYXQiOiJqcGciLCJqcGVnIjp7InF1YWxpdHkiOjgwLCJjaHJvbWFTdWJzYW1wbGluZyI6IjQ6NDo0In0sInJlc2l6ZSI6eyJ3aWR0aCI6MzE2LCJoZWlnaHQiOjQ3NH19fQ==,downloaded,Synced from mapped game cover final_fantasy_xiii_2 (ggapp_export; https://ggapp.io/games/qOzanF/final-fantasy-r-xiii-2).
FCA186,FFM040,final_fantasy_master,Final Fantasy,Dissidia 012 Final Fantasy,wikipedia_summary,Dissidia 012 Final Fantasy,/covers/final-fantasy/FFM040.png,https://upload.wikimedia.org/wikipedia/en/6/64/Dissidia_Duodecim_012_Final_Fantasy.png,downloaded,Primary article cover.
FCA187,FFM041,final_fantasy_master,Final Fantasy,Final Fantasy IV: The Complete Collection,wikipedia_summary,Final Fantasy IV: The Complete Collection,/covers/final-fantasy/FFM041.jpg,https://upload.wikimedia.org/wikipedia/en/4/4a/FFIV_Complete_Collection.jpg,downloaded,Primary article cover.
FCA188,FFM042,final_fantasy_master,Final Fantasy,Final Fantasy Type-0,wikipedia_summary,Final Fantasy Type-0,/covers/final-fantasy/FFM042.jpg,https://upload.wikimedia.org/wikipedia/en/6/65/FF_Type-0_cover.jpg,downloaded,Primary article cover.
FCA189,FFM043,final_fantasy_master,Final Fantasy,Theatrhythm Final Fantasy,wikipedia_summary,Theatrhythm Final Fantasy,/covers/final-fantasy/FFM043.png,https://upload.wikimedia.org/wikipedia/en/f/f4/Theatrhythm.png,downloaded,Primary article cover.
FCA190,FFM044,final_fantasy_master,Final Fantasy,Final Fantasy Dimensions,wikipedia_summary,Final Fantasy Dimensions,/covers/final-fantasy/FFM044.png,https://upload.wikimedia.org/wikipedia/en/thumb/c/c7/Final_Fantasy_Legends_Logo.png/330px-Final_Fantasy_Legends_Logo.png,downloaded,Primary article cover.
FCA191,FFM045,final_fantasy_master,Final Fantasy,Final Fantasy XIV: A Realm Reborn,wikipedia_summary,Final Fantasy XIV: A Realm Reborn,/covers/final-fantasy/FFM045.jpg,https://upload.wikimedia.org/wikipedia/en/a/a1/Final_Fantasy_XIV%2C_A_Realm_Reborn_box_cover.jpg,downloaded,Primary article cover.
FCA192,FFM046,final_fantasy_master,Final Fantasy,Lightning Returns: Final Fantasy XIII,wikipedia_summary,Lightning Returns: Final Fantasy XIII,/covers/final-fantasy/FFM046.png,https://upload.wikimedia.org/wikipedia/en/1/1d/Lightning_Returns_Final_Fantasy_XIII_Cover_Art.png,downloaded,Primary article cover.
FCA193,FFM047,final_fantasy_master,Final Fantasy,Final Fantasy All the Bravest,wikipedia_summary,Final Fantasy All the Bravest,/covers/final-fantasy/FFM047.png,https://upload.wikimedia.org/wikipedia/en/2/26/Final_Fantasy_All_the_Bravest.PNG,downloaded,Primary article cover.
FCA194,FFM048,final_fantasy_master,Final Fantasy,Pictlogica Final Fantasy,direct_url,https://cache-na.finalfantasy.com/assets/web/common/logo_header-b6c149f6edf0eb0525ae8810e066f1166d2de3ed0a4610610d2af85dcfea1da3.png,/covers/final-fantasy/FFM048.png,https://cache-na.finalfantasy.com/assets/web/common/logo_header-b6c149f6edf0eb0525ae8810e066f1166d2de3ed0a4610610d2af85dcfea1da3.png,downloaded,No dedicated image found in current sources; using official Final Fantasy portal branding.
FCA195,FFM049,final_fantasy_master,Final Fantasy,Theatrhythm Final Fantasy: Curtain Call,wikipedia_summary,Theatrhythm Final Fantasy: Curtain Call,/covers/final-fantasy/FFM049.jpg,https://upload.wikimedia.org/wikipedia/en/thumb/a/a0/Theatrhythm_Final_Fantasy_Curtain_Call_US_cover.jpg/330px-Theatrhythm_Final_Fantasy_Curtain_Call_US_cover.jpg,downloaded,Primary article cover.
FCA196,FFM050,final_fantasy_master,Final Fantasy,Final Fantasy Agito,wikipedia_summary,Final Fantasy Agito,/covers/final-fantasy/FFM050.png,https://upload.wikimedia.org/wikipedia/en/thumb/d/d8/Final-Fantasy-Agito-Logo.png/330px-Final-Fantasy-Agito-Logo.png,downloaded,Primary article cover.
FCA197,FFM051,final_fantasy_master,Final Fantasy,Final Fantasy Record Keeper,wikipedia_summary,Final Fantasy Record Keeper,/covers/final-fantasy/FFM051.jpeg,https://upload.wikimedia.org/wikipedia/en/1/12/Final_Fantasy_Record_Keeper.jpeg,downloaded,Primary article cover.
FCA198,FFM052,final_fantasy_master,Final Fantasy,Final Fantasy Explorers,wikipedia_summary,Final Fantasy Explorers,/covers/final-fantasy/FFM052.png,https://upload.wikimedia.org/wikipedia/en/thumb/9/9c/Final_Fantasy_Explorers_Logo.png/330px-Final_Fantasy_Explorers_Logo.png,downloaded,Primary article cover.
FCA199,FFM053,final_fantasy_master,Final Fantasy,Final Fantasy Grandmasters,wikipedia_summary,Final Fantasy Grandmasters,/covers/final-fantasy/FFM053.png,https://upload.wikimedia.org/wikipedia/en/1/1c/FF_Grandmasters_cover_art.png,downloaded,Primary article cover.
FCA200,FFM054,final_fantasy_master,Final Fantasy,Final Fantasy Brave Exvius,wikipedia_summary,Final Fantasy Brave Exvius,/covers/final-fantasy/FFM054.jpg,https://upload.wikimedia.org/wikipedia/en/c/ce/Final_Fantasy_Brave_Exvius_Logo.jpg,downloaded,Primary article cover.
FCA201,FFM055,final_fantasy_master,Final Fantasy,Mobius Final Fantasy,wikipedia_summary,Mobius Final Fantasy,/covers/final-fantasy/FFM055.png,https://upload.wikimedia.org/wikipedia/en/thumb/2/2f/Mobius_FF_logo.png/330px-Mobius_FF_logo.png,downloaded,Primary article cover.
FCA202,FFM056,final_fantasy_master,Final Fantasy,World of Final Fantasy,wikipedia_summary,World of Final Fantasy,/covers/final-fantasy/FFM056.jpg,https://upload.wikimedia.org/wikipedia/en/e/e9/WoFF_cover_art_%28US%29.jpg,downloaded,Primary article cover.
FCA203,FFM057,final_fantasy_master,Final Fantasy,Final Fantasy XV,game_cover_sync,game:final_fantasy_xv,/covers/games/final_fantasy_xv.jpg,https://d2d2z3qzqjizpf.cloudfront.net/eyJidWNrZXQiOiJnZ2FwcCIsImtleSI6Im1lZGlhL2dhbWVzL1RQVkIwTi9kMmU0YWI1Yi1lOTUxLTRjMGQtOGRjMC02YzAxYzFiYTIxMTQucG5nIiwiZWRpdHMiOnsidG9Gb3JtYXQiOiJqcGciLCJqcGVnIjp7InF1YWxpdHkiOjgwLCJjaHJvbWFTdWJzYW1wbGluZyI6IjQ6NDo0In0sInJlc2l6ZSI6eyJ3aWR0aCI6MzE2LCJoZWlnaHQiOjQ3NH19fQ==,downloaded,Synced from mapped game cover final_fantasy_xv (ggapp_export; https://ggapp.io/games/TPVB0N/final-fantasy-xv).
FCA204,FFM058,final_fantasy_master,Final Fantasy,Final Fantasy Brave Exvius Tap!,wikipedia_summary,Final Fantasy Brave Exvius,/covers/final-fantasy/FFM058.jpg,https://upload.wikimedia.org/wikipedia/en/c/ce/Final_Fantasy_Brave_Exvius_Logo.jpg,downloaded,Shared with parent article.
FCA205,FFM059,final_fantasy_master,Final Fantasy,World of Final Fantasy: Meli-Melo,wikipedia_summary,World of Final Fantasy,/covers/final-fantasy/FFM059.jpg,https://upload.wikimedia.org/wikipedia/en/e/e9/WoFF_cover_art_%28US%29.jpg,downloaded,Shared with parent article.
FCA206,FFM060,final_fantasy_master,Final Fantasy,Final Fantasy Dimensions II,wikipedia_summary,Final Fantasy Dimensions II,/covers/final-fantasy/FFM060.jpg,https://upload.wikimedia.org/wikipedia/en/3/31/Final_Fantasy_Legends%2C_Toki_no_Suishou.jpg,downloaded,Primary article cover.
FCA207,FFM061,final_fantasy_master,Final Fantasy,Dissidia Final Fantasy NT,wikipedia_summary,Dissidia Final Fantasy NT,/covers/final-fantasy/FFM061.jpg,https://upload.wikimedia.org/wikipedia/en/c/c1/Dissidia_Final_Fantasy_NT_cover_art.jpg,downloaded,Primary article cover.
FCA208,FFM062,final_fantasy_master,Final Fantasy,Final Fantasy XV Royal Edition,wikipedia_summary,Final Fantasy XV,/covers/final-fantasy/FFM062.jpg,https://upload.wikimedia.org/wikipedia/en/5/5a/FF_XV_cover_art.jpg,downloaded,Shared with parent article.
FCA209,FFM063,final_fantasy_master,Final Fantasy,Final Fantasy XV Pocket Edition,wikipedia_summary,Final Fantasy XV Pocket Edition,/covers/final-fantasy/FFM063.png,https://upload.wikimedia.org/wikipedia/en/c/c6/XV_Pocket_logo.png,downloaded,Primary article cover.
FCA210,FFM064,final_fantasy_master,Final Fantasy,Final Fantasy Explorers-Force,wikipedia_summary,Final Fantasy Explorers,/covers/final-fantasy/FFM064.png,https://upload.wikimedia.org/wikipedia/en/thumb/9/9c/Final_Fantasy_Explorers_Logo.png/330px-Final_Fantasy_Explorers_Logo.png,downloaded,Shared with parent article.
FCA211,FFM065,final_fantasy_master,Final Fantasy,Dissidia Final Fantasy Opera Omnia,wikipedia_summary,Dissidia Final Fantasy Opera Omnia,/covers/final-fantasy/FFM065.jpg,https://upload.wikimedia.org/wikipedia/en/e/e4/Dissidia_Final_Fantasy_Opera_Omnia.jpg,downloaded,Primary article cover.
FCA212,FFM066,final_fantasy_master,Final Fantasy,War of the Visions: Final Fantasy Brave Exvius,wikipedia_summary,War of the Visions: Final Fantasy Brave Exvius,/covers/final-fantasy/FFM066.jpg,https://upload.wikimedia.org/wikipedia/en/5/53/War_of_the_Visions_FFBE_Key_Art.jpg,downloaded,Primary article cover.
FCA213,FFM067,final_fantasy_master,Final Fantasy,Final Fantasy VIII Remastered,wikipedia_summary,Final Fantasy VIII,/covers/final-fantasy/FFM067.jpg,https://upload.wikimedia.org/wikipedia/en/5/5d/Final_Fantasy_8_ntsc-front.jpg,downloaded,Shared with parent article.
FCA214,FFM068,final_fantasy_master,Final Fantasy,Final Fantasy Crystal Chronicles Remastered Edition,direct_url,"https://assets.nintendo.com/image/upload/c_fill,w_1200/q_auto:best/f_auto/dpr_2.0/store/software/switch/70010000027419/a138045cd1ef99d67758093e43de4a697591ef26a898e564d4dc2df08a8260b2",/covers/final-fantasy/FFM068.jpg,"https://assets.nintendo.com/image/upload/c_fill,w_1200/q_auto:best/f_auto/dpr_2.0/store/software/switch/70010000027419/a138045cd1ef99d67758093e43de4a697591ef26a898e564d4dc2df08a8260b2",downloaded,Official Nintendo Store artwork.
FCA215,FFM069,final_fantasy_master,Final Fantasy,Final Fantasy VII Remake,game_cover_sync,game:final_fantasy_vii_remake,/covers/games/final_fantasy_vii_remake.jpg,https://d2d2z3qzqjizpf.cloudfront.net/eyJidWNrZXQiOiJnZ2FwcCIsImtleSI6Im1lZGlhL2dhbWVzL0Q4S3BmYy8zOGU2MzViMi0xNmNlLTQ1ZmUtOTk3Yi1mOTcwMzdmNWQ0ZjUucG5nIiwiZWRpdHMiOnsidG9Gb3JtYXQiOiJqcGciLCJqcGVnIjp7InF1YWxpdHkiOjgwLCJjaHJvbWFTdWJzYW1wbGluZyI6IjQ6NDo0In0sInJlc2l6ZSI6eyJ3aWR0aCI6MzE2LCJoZWlnaHQiOjQ3NH19fQ==,downloaded,Synced from mapped game cover final_fantasy_vii_remake (ggapp_export; https://ggapp.io/games/D8Kpfc/final-fantasy-vii-remake).
FCA216,FFM070,final_fantasy_master,Final Fantasy,Final Fantasy Pixel Remaster,wikipedia_summary,Final Fantasy Pixel Remaster,/covers/final-fantasy/FFM070.png,https://upload.wikimedia.org/wikipedia/en/thumb/3/32/Final_Fantasy_Pixel_Remaster.png/330px-Final_Fantasy_Pixel_Remaster.png,downloaded,Primary article cover.
FCA217,FFM071,final_fantasy_master,Final Fantasy,Final Fantasy VII Remake Intergrade,wikipedia_summary,Final Fantasy VII Remake,/covers/final-fantasy/FFM071.png,https://upload.wikimedia.org/wikipedia/en/c/ce/FFVIIRemake.png,downloaded,Shared with parent article.
FCA218,FFM072,final_fantasy_master,Final Fantasy,Final Fantasy VII: The First Soldier,direct_url,https://upload.wikimedia.org/wikipedia/en/thumb/1/1a/Final_Fantasy_VII_The_First_Soldier_logo.png/330px-Final_Fantasy_VII_The_First_Soldier_logo.png,/covers/final-fantasy/FFM072.png,https://upload.wikimedia.org/wikipedia/en/thumb/1/1a/Final_Fantasy_VII_The_First_Soldier_logo.png/330px-Final_Fantasy_VII_The_First_Soldier_logo.png,downloaded,Direct article image fallback.
FCA219,FFM073,final_fantasy_master,Final Fantasy,Stranger of Paradise: Final Fantasy Origin,direct_url,https://upload.wikimedia.org/wikipedia/en/1/17/Stranger_of_Paradise_Final_Fantasy_Origin.png,/covers/final-fantasy/FFM073.png,https://upload.wikimedia.org/wikipedia/en/1/17/Stranger_of_Paradise_Final_Fantasy_Origin.png,downloaded,Direct article image fallback.
FCA220,FFM074,final_fantasy_master,Final Fantasy,Crisis Core: Final Fantasy VII Reunion,wikipedia_summary,Crisis Core: Final Fantasy VII,/covers/final-fantasy/FFM074.png,https://upload.wikimedia.org/wikipedia/en/3/32/Crisis_Core.png,downloaded,Shared with parent article.
FCA221,FFM075,final_fantasy_master,Final Fantasy,Theatrhythm Final Bar Line,direct_url,https://upload.wikimedia.org/wikipedia/en/thumb/a/a4/Theatrhythm_Final_Bar_Line.png/330px-Theatrhythm_Final_Bar_Line.png,/covers/final-fantasy/FFM075.png,https://upload.wikimedia.org/wikipedia/en/thumb/a/a4/Theatrhythm_Final_Bar_Line.png/330px-Theatrhythm_Final_Bar_Line.png,downloaded,Direct article image fallback.
FCA222,FFM076,final_fantasy_master,Final Fantasy,Final Fantasy XVI,wikipedia_summary,Final Fantasy XVI,/covers/final-fantasy/FFM076.png,https://upload.wikimedia.org/wikipedia/en/0/00/Final_Fantasy_XVI_cover_art.png,downloaded,Primary article cover.
FCA223,FFM077,final_fantasy_master,Final Fantasy,Final Fantasy VII: Ever Crisis,wikipedia_summary,Final Fantasy VII: Ever Crisis,/covers/final-fantasy/FFM077.png,https://upload.wikimedia.org/wikipedia/en/4/46/Ever_Crisis_logo.png,downloaded,Primary article cover.
FCA224,FFM078,final_fantasy_master,Final Fantasy,Final Fantasy VII Rebirth,wikipedia_summary,Final Fantasy VII Rebirth,/covers/final-fantasy/FFM078.png,https://upload.wikimedia.org/wikipedia/en/7/75/Boxart_for_Final_Fantasy_VII_Rebirth.png,downloaded,Primary article cover.
FCA225,FFM079,final_fantasy_master,Final Fantasy,Final Fantasy Tactics - The Ivalice Chronicles,direct_url,https://cache-na.finalfantasy.com/uploads/content/file/2025/06/05/20263/logo_fftic.jpg,/covers/final-fantasy/FFM079.jpg,https://cache-na.finalfantasy.com/uploads/content/file/2025/06/05/20263/logo_fftic.jpg,downloaded,Official announcement artwork.
FCA226,FFM080,final_fantasy_master,Final Fantasy,DISSIDIA DUELLUM FINAL FANTASY,direct_url,https://cache-na.finalfantasy.com/uploads/content/file/2025/10/14/20779/DDFF_logo.jpg,/covers/final-fantasy/FFM080.jpg,https://cache-na.finalfantasy.com/uploads/content/file/2025/10/14/20779/DDFF_logo.jpg,downloaded,Official announcement artwork.
FCA001,KHM001,kingdom_hearts_master,Kingdom Hearts,Kingdom Hearts,game_cover_sync,game:kingdom_hearts,/covers/games/kingdom_hearts.jpg,https://d2d2z3qzqjizpf.cloudfront.net/eyJidWNrZXQiOiJnZ2FwcCIsImtleSI6Im1lZGlhL2dhbWVzL1g5bkR6Zy9hMWZlZjNiMy0wNDExLTRhNGMtYjFhZi03OGM5YzIzMjYxNzAucG5nIiwiZWRpdHMiOnsidG9Gb3JtYXQiOiJqcGciLCJqcGVnIjp7InF1YWxpdHkiOjgwLCJjaHJvbWFTdWJzYW1wbGluZyI6IjQ6NDo0In0sInJlc2l6ZSI6eyJ3aWR0aCI6MzE2LCJoZWlnaHQiOjQ3NH19fQ==,downloaded,Synced from mapped game cover kingdom_hearts (ggapp_export; https://ggapp.io/games/X9nDzg/kingdom-hearts).
FCA002,KHM002,kingdom_hearts_master,Kingdom Hearts,Kingdom Hearts Final Mix,wikipedia_summary,Kingdom Hearts (video game),/covers/kingdom-hearts/KHM002.jpg,https://upload.wikimedia.org/wikipedia/en/8/85/Kingdom_Hearts.jpg,downloaded,Shared with parent article.
FCA003,KHM003,kingdom_hearts_master,Kingdom Hearts,Kingdom Hearts: Chain of Memories,game_cover_sync,game:kingdom_hearts_chain_of_memories,/covers/games/kingdom_hearts_chain_of_memories.jpg,https://d2d2z3qzqjizpf.cloudfront.net/eyJidWNrZXQiOiJnZ2FwcCIsImtleSI6Im1lZGlhL2dhbWVzL01vcVRJWC83MThhNWFkMy1jMzY2LTQwNGUtODM5OS0yNjg4ODVmMTJjM2EucG5nIiwiZWRpdHMiOnsidG9Gb3JtYXQiOiJqcGciLCJqcGVnIjp7InF1YWxpdHkiOjgwLCJjaHJvbWFTdWJzYW1wbGluZyI6IjQ6NDo0In0sInJlc2l6ZSI6eyJ3aWR0aCI6MzE2LCJoZWlnaHQiOjQ3NH19fQ==,downloaded,Synced from mapped game cover kingdom_hearts_chain_of_memories (ggapp_export; https://ggapp.io/games/MoqTIX/kingdom-hearts-chain-of-memories).
FCA004,KHM004,kingdom_hearts_master,Kingdom Hearts,Kingdom Hearts II,game_cover_sync,game:kingdom_hearts_ii,/covers/games/kingdom_hearts_ii.jpg,https://d2d2z3qzqjizpf.cloudfront.net/eyJidWNrZXQiOiJnZ2FwcCIsImtleSI6Im1lZGlhL2dhbWVzL0gya3MzQS9jMDM4MWYwYy05NjU0LTQzYzgtYTYzZC0zZWM4MzY1YjFkMWQucG5nIiwiZWRpdHMiOnsidG9Gb3JtYXQiOiJqcGciLCJqcGVnIjp7InF1YWxpdHkiOjgwLCJjaHJvbWFTdWJzYW1wbGluZyI6IjQ6NDo0In0sInJlc2l6ZSI6eyJ3aWR0aCI6MzE2LCJoZWlnaHQiOjQ3NH19fQ==,downloaded,Synced from mapped game cover kingdom_hearts_ii (ggapp_export; https://ggapp.io/games/H2ks3A/kingdom-hearts-ii).
FCA005,KHM005,kingdom_hearts_master,Kingdom Hearts,Kingdom Hearts II Final Mix,wikipedia_summary,Kingdom Hearts II,/covers/kingdom-hearts/KHM005.jpg,https://upload.wikimedia.org/wikipedia/en/e/ed/Kingdom_Hearts_II_%28PS2%29.jpg,downloaded,Shared with parent article.
FCA006,KHM006,kingdom_hearts_master,Kingdom Hearts,Kingdom Hearts Re:Chain of Memories,wikipedia_summary,Kingdom Hearts: Chain of Memories,/covers/kingdom-hearts/KHM006.jpg,https://upload.wikimedia.org/wikipedia/en/1/1d/KingdomHeartsCoMCover_.jpg,downloaded,Shared with parent article.
FCA007,KHM007,kingdom_hearts_master,Kingdom Hearts,Kingdom Hearts Coded,wikipedia_summary,Kingdom Hearts Coded,/covers/kingdom-hearts/KHM007.png,https://upload.wikimedia.org/wikipedia/en/8/8e/Kingdom_Hearts_coded_logo.png,downloaded,Primary article cover.
FCA008,KHM008,kingdom_hearts_master,Kingdom Hearts,Kingdom Hearts Mobile,wikipedia_summary,Kingdom Hearts,/covers/kingdom-hearts/KHM008.png,https://upload.wikimedia.org/wikipedia/en/thumb/6/68/Kingdom_Hearts_logo.png/330px-Kingdom_Hearts_logo.png,downloaded,No dedicated article cover found so use franchise image.
FCA009,KHM009,kingdom_hearts_master,Kingdom Hearts,Kingdom Hearts 358/2 Days,wikipedia_summary,Kingdom Hearts 358/2 Days,/covers/kingdom-hearts/KHM009.jpg,https://upload.wikimedia.org/wikipedia/en/5/56/KingdomdaysNA.jpg,downloaded,Primary article cover.
FCA010,KHM010,kingdom_hearts_master,Kingdom Hearts,Kingdom Hearts Birth by Sleep,wikipedia_summary,Kingdom Hearts Birth by Sleep,/covers/kingdom-hearts/KHM010.jpg,https://upload.wikimedia.org/wikipedia/en/9/9a/Kingdom_Hearts_Birth_by_Sleep_Boxart.jpg,downloaded,Primary article cover.
FCA011,KHM011,kingdom_hearts_master,Kingdom Hearts,Kingdom Hearts Re:coded,wikipedia_summary,Kingdom Hearts Coded,/covers/kingdom-hearts/KHM011.png,https://upload.wikimedia.org/wikipedia/en/8/8e/Kingdom_Hearts_coded_logo.png,downloaded,Shared with parent article.
FCA012,KHM012,kingdom_hearts_master,Kingdom Hearts,Kingdom Hearts Birth by Sleep Final Mix,wikipedia_summary,Kingdom Hearts Birth by Sleep,/covers/kingdom-hearts/KHM012.jpg,https://upload.wikimedia.org/wikipedia/en/9/9a/Kingdom_Hearts_Birth_by_Sleep_Boxart.jpg,downloaded,Shared with parent article.
FCA013,KHM013,kingdom_hearts_master,Kingdom Hearts,Kingdom Hearts 3D: Dream Drop Distance,wikipedia_summary,Kingdom Hearts 3D: Dream Drop Distance,/covers/kingdom-hearts/KHM013.jpg,https://upload.wikimedia.org/wikipedia/en/2/2b/KH3D_Euro_Cover.jpg,downloaded,Primary article cover.
FCA014,KHM014,kingdom_hearts_master,Kingdom Hearts,Kingdom Hearts HD 1.5 ReMIX,wikipedia_summary,Kingdom Hearts HD 1.5 Remix,/covers/kingdom-hearts/KHM014.jpg,https://upload.wikimedia.org/wikipedia/en/c/c5/Kingdom_Hearts_HD_1.5_ReMIX_box_art.jpg,downloaded,Primary article cover.
FCA015,KHM015,kingdom_hearts_master,Kingdom Hearts,Kingdom Hearts χ,wikipedia_summary,Kingdom Hearts χ,/covers/kingdom-hearts/KHM015.png,https://upload.wikimedia.org/wikipedia/en/thumb/e/e8/Kingdom_Hearts_X_logo.png/330px-Kingdom_Hearts_X_logo.png,downloaded,Primary article cover.
FCA016,KHM016,kingdom_hearts_master,Kingdom Hearts,Kingdom Hearts HD 2.5 ReMIX,wikipedia_summary,Kingdom Hearts HD 2.5 Remix,/covers/kingdom-hearts/KHM016.jpg,https://upload.wikimedia.org/wikipedia/en/1/19/KH_HD_2.5_ReMIX_NA_Boxart.jpg,downloaded,Primary article cover.
FCA017,KHM017,kingdom_hearts_master,Kingdom Hearts,Kingdom Hearts Unchained χ,wikipedia_summary,Kingdom Hearts χ,/covers/kingdom-hearts/KHM017.png,https://upload.wikimedia.org/wikipedia/en/thumb/e/e8/Kingdom_Hearts_X_logo.png/330px-Kingdom_Hearts_X_logo.png,downloaded,Shared with Kingdom Hearts χ article.
FCA018,KHM018,kingdom_hearts_master,Kingdom Hearts,Kingdom Hearts HD 1.5 + 2.5 ReMIX,wikipedia_summary,Kingdom Hearts HD 1.5 Remix,/covers/kingdom-hearts/KHM018.jpg,https://upload.wikimedia.org/wikipedia/en/c/c5/Kingdom_Hearts_HD_1.5_ReMIX_box_art.jpg,downloaded,Closest dedicated collection art available from current references.
FCA019,KHM019,kingdom_hearts_master,Kingdom Hearts,Kingdom Hearts HD 2.8 Final Chapter Prologue,wikipedia_summary,Kingdom Hearts HD 2.8 Final Chapter Prologue,/covers/kingdom-hearts/KHM019.jpg,https://upload.wikimedia.org/wikipedia/en/c/c7/Kingdom_Hearts_HD_2.8_box_art.jpg,downloaded,Primary article cover.
FCA020,KHM020,kingdom_hearts_master,Kingdom Hearts,Kingdom Hearts Union χ[Cross],wikipedia_summary,Kingdom Hearts χ,/covers/kingdom-hearts/KHM020.png,https://upload.wikimedia.org/wikipedia/en/thumb/e/e8/Kingdom_Hearts_X_logo.png/330px-Kingdom_Hearts_X_logo.png,downloaded,Shared with Kingdom Hearts χ article.
FCA021,KHM021,kingdom_hearts_master,Kingdom Hearts,Kingdom Hearts III,game_cover_sync,game:kingdom_hearts_iii,/covers/games/kingdom_hearts_iii.jpg,https://d2d2z3qzqjizpf.cloudfront.net/eyJidWNrZXQiOiJnZ2FwcCIsImtleSI6Im1lZGlhL2dhbWVzLzZDcDZRVi8zNTFkNGE0My01YWNmLTQwZTUtOTgxMC03ODU4MTM0MDI4NmMucG5nIiwiZWRpdHMiOnsidG9Gb3JtYXQiOiJqcGciLCJqcGVnIjp7InF1YWxpdHkiOjgwLCJjaHJvbWFTdWJzYW1wbGluZyI6IjQ6NDo0In0sInJlc2l6ZSI6eyJ3aWR0aCI6NTU2LCJoZWlnaHQiOjgzNH19fQ==,downloaded,Synced from mapped game cover kingdom_hearts_iii (ggapp_direct_cover; https://d2d2z3qzqjizpf.cloudfront.net/eyJidWNrZXQiOiJnZ2FwcCIsImtleSI6Im1lZGlhL2dhbWVzLzZDcDZRVi8zNTFkNGE0My01YWNmLTQwZTUtOTgxMC03ODU4MTM0MDI4NmMucG5nIiwiZWRpdHMiOnsidG9Gb3JtYXQiOiJqcGciLCJqcGVnIjp7InF1YWxpdHkiOjgwLCJjaHJvbWFTdWJzYW1wbGluZyI6IjQ6NDo0In0sInJlc2l6ZSI6eyJ3aWR0aCI6NTU2LCJoZWlnaHQiOjgzNH19fQ==).
FCA022,KHM022,kingdom_hearts_master,Kingdom Hearts,Kingdom Hearts III + Re Mind,wikipedia_summary,Kingdom Hearts III,/covers/kingdom-hearts/KHM022.jpg,https://upload.wikimedia.org/wikipedia/en/5/5c/Kingdom_Hearts_III_box_art.jpg,downloaded,Shared with parent article.
FCA023,KHM023,kingdom_hearts_master,Kingdom Hearts,Kingdom Hearts Dark Road,wikipedia_summary,Kingdom Hearts Dark Road,/covers/kingdom-hearts/KHM023.jpg,https://upload.wikimedia.org/wikipedia/en/0/04/Kingdom_Hearts_Dark_Road_key_art.jpg,downloaded,Primary article cover.
FCA024,KHM024,kingdom_hearts_master,Kingdom Hearts,Kingdom Hearts: Melody of Memory,wikipedia_summary,Kingdom Hearts: Melody of Memory,/covers/kingdom-hearts/KHM024.jpg,https://upload.wikimedia.org/wikipedia/en/c/c0/KINGDOM_HEARTS_Melody_of_Memory_box_art.jpg,downloaded,Primary article cover.
FCA025,KHM025,kingdom_hearts_master,Kingdom Hearts,Kingdom Hearts Missing-Link,wikipedia_summary,Kingdom Hearts,/covers/kingdom-hearts/KHM025.png,https://upload.wikimedia.org/wikipedia/en/thumb/6/68/Kingdom_Hearts_logo.png/330px-Kingdom_Hearts_logo.png,downloaded,No dedicated article image found so use franchise image for now.
FCA026,KHM026,kingdom_hearts_master,Kingdom Hearts,Kingdom Hearts IV,wikipedia_summary,Kingdom Hearts IV,/covers/kingdom-hearts/KHM026.png,https://upload.wikimedia.org/wikipedia/en/thumb/b/b2/Kingdom_Hearts_IV_logo.png/330px-Kingdom_Hearts_IV_logo.png,downloaded,Current official art is a logo treatment.
FCA027,MGM001,metal_gear_master,Metal Gear,Metal Gear,wikipedia_summary,Metal Gear (video game),/covers/metal-gear/MGM001.jpg,https://upload.wikimedia.org/wikipedia/en/b/bd/Metal_Gear_cover.jpg,downloaded,Primary article cover.
FCA028,MGM002,metal_gear_master,Metal Gear,Metal Gear (NES),wikipedia_summary,Metal Gear (video game),/covers/metal-gear/MGM002.jpg,https://upload.wikimedia.org/wikipedia/en/b/bd/Metal_Gear_cover.jpg,downloaded,Shared with original game article.
FCA029,MGM003,metal_gear_master,Metal Gear,Snake's Revenge,wikipedia_summary,Snake's Revenge,/covers/metal-gear/MGM003.jpg,https://upload.wikimedia.org/wikipedia/en/b/b2/NES-E2-USA-REV-A.jpg,downloaded,Primary article cover.
FCA030,MGM004,metal_gear_master,Metal Gear,Metal Gear 2: Solid Snake,wikipedia_summary,Metal Gear 2: Solid Snake,/covers/metal-gear/MGM004.jpg,https://upload.wikimedia.org/wikipedia/en/1/14/Metal_Gear_2_Boxart.JPG,downloaded,Primary article cover.
FCA031,MGM005,metal_gear_master,Metal Gear,Metal Gear Solid,game_cover_sync,game:metal_gear_solid,/covers/games/metal_gear_solid.jpg,https://d2d2z3qzqjizpf.cloudfront.net/eyJidWNrZXQiOiJnZ2FwcCIsImtleSI6Im1lZGlhL2dhbWVzLzNPdnRXZy82Zjg4ZjllNC1mMTI1LTQ5YmMtYmMyNi1iMGE2NTZjYWFhZTAuanBnIiwiZWRpdHMiOnsidG9Gb3JtYXQiOiJqcGciLCJqcGVnIjp7InF1YWxpdHkiOjgwLCJjaHJvbWFTdWJzYW1wbGluZyI6IjQ6NDo0In0sInJlc2l6ZSI6eyJ3aWR0aCI6MzE2LCJoZWlnaHQiOjQ3NH19fQ==,downloaded,Synced from mapped game cover metal_gear_solid (ggapp_export; https://ggapp.io/games/3OvtWg/metal-gear-solid).
FCA032,MGM006,metal_gear_master,Metal Gear,Metal Gear Solid: Integral,wikipedia_summary,Metal Gear Solid (1998 video game),/covers/metal-gear/MGM006.png,https://upload.wikimedia.org/wikipedia/en/thumb/3/33/Metal_Gear_Solid_cover_art.png/330px-Metal_Gear_Solid_cover_art.png,downloaded,Shared with parent article.
FCA033,MGM007,metal_gear_master,Metal Gear,Metal Gear Solid: VR Missions,wikipedia_summary,Metal Gear Solid: VR Missions,/covers/metal-gear/MGM007.png,https://upload.wikimedia.org/wikipedia/en/thumb/3/33/Metal_Gear_Solid_cover_art.png/330px-Metal_Gear_Solid_cover_art.png,downloaded,Primary article cover.
FCA034,MGM008,metal_gear_master,Metal Gear,Metal Gear: Ghost Babel,wikipedia_summary,Metal Gear: Ghost Babel,/covers/metal-gear/MGM008.jpg,https://upload.wikimedia.org/wikipedia/en/5/54/Metal_Gear_2000_cover_art.jpg,downloaded,Primary article cover.
FCA035,MGM009,metal_gear_master,Metal Gear,Metal Gear Solid 2: Sons of Liberty,wikipedia_summary,Metal Gear Solid 2: Sons of Liberty,/covers/metal-gear/MGM009.jpg,https://upload.wikimedia.org/wikipedia/en/6/6a/Metalgear2boxart.jpg,downloaded,Primary article cover.
FCA036,MGM010,metal_gear_master,Metal Gear,Metal Gear Solid 2: Substance,wikipedia_summary,Metal Gear Solid 2: Substance,/covers/metal-gear/MGM010.jpg,https://upload.wikimedia.org/wikipedia/en/6/6a/Metalgear2boxart.jpg,downloaded,Primary article cover.
FCA037,MGM011,metal_gear_master,Metal Gear,Metal Gear Solid: The Twin Snakes,wikipedia_summary,Metal Gear Solid: The Twin Snakes,/covers/metal-gear/MGM011.jpg,https://upload.wikimedia.org/wikipedia/en/8/8c/Ttsbox.jpg,downloaded,Primary article cover.
FCA038,MGM012,metal_gear_master,Metal Gear,Metal Gear Acid,wikipedia_summary,Metal Gear Acid,/covers/metal-gear/MGM012.png,https://upload.wikimedia.org/wikipedia/en/f/f4/Metal_Gear_Acid_Coverart.png,downloaded,Primary article cover.
FCA039,MGM013,metal_gear_master,Metal Gear,Metal Gear Solid 3: Snake Eater,game_cover_sync,game:metal_gear_solid_3,/covers/games/metal_gear_solid_3.jpg,https://d2d2z3qzqjizpf.cloudfront.net/eyJidWNrZXQiOiJnZ2FwcCIsImtleSI6Im1lZGlhL2dhbWVzLzhPaTVaMS81MzdhNTU3NC01ZTMzLTQxNWMtODhhOC1lYTc2ZWQwZWM5OTkucG5nIiwiZWRpdHMiOnsidG9Gb3JtYXQiOiJqcGciLCJqcGVnIjp7InF1YWxpdHkiOjgwLCJjaHJvbWFTdWJzYW1wbGluZyI6IjQ6NDo0In0sInJlc2l6ZSI6eyJ3aWR0aCI6MzE2LCJoZWlnaHQiOjQ3NH19fQ==,downloaded,Synced from mapped game cover metal_gear_solid_3 (ggapp_export; https://ggapp.io/games/8Oi5Z1/metal-gear-solid-3-snake-eater).
FCA040,MGM014,metal_gear_master,Metal Gear,Metal Gear Acid 2,wikipedia_summary,Metal Gear Acid 2,/covers/metal-gear/MGM014.jpg,https://upload.wikimedia.org/wikipedia/en/e/e1/MGA2_box.jpg,downloaded,Primary article cover.
FCA041,MGM015,metal_gear_master,Metal Gear,Metal Gear Solid 3: Subsistence,wikipedia_summary,Metal Gear Solid 3: Subsistence,/covers/metal-gear/MGM015.jpg,https://upload.wikimedia.org/wikipedia/en/b/b3/Mgs3box.jpg,downloaded,Primary article cover.
FCA042,MGM016,metal_gear_master,Metal Gear,Metal Gear Solid: Portable Ops,wikipedia_summary,Metal Gear Solid: Portable Ops,/covers/metal-gear/MGM016.jpg,https://upload.wikimedia.org/wikipedia/en/d/d2/Metal_Gear_Solid_Portable_Ops_cover.jpg,downloaded,Primary article cover.
FCA043,MGM017,metal_gear_master,Metal Gear,Metal Gear 20th Anniversary Metal Gear Solid Collection,wikipedia_summary,Metal Gear Solid: The Legacy Collection,/covers/metal-gear/MGM017.jpg,https://upload.wikimedia.org/wikipedia/en/5/5a/MGL_cover_art.jpg,downloaded,Closest collection art available from current references.
FCA044,MGM018,metal_gear_master,Metal Gear,Metal Gear Solid: Portable Ops Plus,wikipedia_summary,Metal Gear Solid: Portable Ops,/covers/metal-gear/MGM018.jpg,https://upload.wikimedia.org/wikipedia/en/d/d2/Metal_Gear_Solid_Portable_Ops_cover.jpg,downloaded,Shared with parent article.
FCA045,MGM019,metal_gear_master,Metal Gear,Metal Gear Solid: The Essential Collection,wikipedia_summary,Metal Gear Solid: The Legacy Collection,/covers/metal-gear/MGM019.jpg,https://upload.wikimedia.org/wikipedia/en/5/5a/MGL_cover_art.jpg,downloaded,Closest collection art available from current references.
FCA046,MGM020,metal_gear_master,Metal Gear,Metal Gear Online (2008),wikipedia_summary,Metal Gear Online,/covers/metal-gear/MGM020.jpg,https://upload.wikimedia.org/wikipedia/en/8/89/Metal_gear_online.jpg,downloaded,Primary article cover.
FCA047,MGM021,metal_gear_master,Metal Gear,Metal Gear Solid 4: Guns of the Patriots,game_cover_sync,game:metal_gear_solid_4,/covers/games/metal_gear_solid_4.jpg,https://d2d2z3qzqjizpf.cloudfront.net/eyJidWNrZXQiOiJnZ2FwcCIsImtleSI6Im1lZGlhL2dhbWVzL1BsY3U0NC8zM2ExZjk2MS00MTU1LTQ2MDUtYWFjZS1mN2U1N2Q4ZTQ1MzQucG5nIiwiZWRpdHMiOnsidG9Gb3JtYXQiOiJqcGciLCJqcGVnIjp7InF1YWxpdHkiOjgwLCJjaHJvbWFTdWJzYW1wbGluZyI6IjQ6NDo0In0sInJlc2l6ZSI6eyJ3aWR0aCI6MzE2LCJoZWlnaHQiOjQ3NH19fQ==,downloaded,Synced from mapped game cover metal_gear_solid_4 (ggapp_export; https://ggapp.io/games/Plcu44/metal-gear-solid-4-guns-of-the-patriots).
FCA048,MGM022,metal_gear_master,Metal Gear,Metal Gear Solid Mobile,wikipedia_summary,Metal Gear Solid Mobile,/covers/metal-gear/MGM022.png,https://upload.wikimedia.org/wikipedia/en/b/b2/Metal_Gear_Solid_Mobile_Title_Screen.png,downloaded,Primary article cover.
FCA049,MGM023,metal_gear_master,Metal Gear,Metal Gear Solid Touch,wikipedia_summary,Metal Gear Solid Touch,/covers/metal-gear/MGM023.png,https://upload.wikimedia.org/wikipedia/en/9/91/Metal_Gear_Solid_Touch_Logo.png,downloaded,Primary article cover.
FCA050,MGM024,metal_gear_master,Metal Gear,Metal Gear Arcade,wikipedia_summary,Metal Gear Arcade,/covers/metal-gear/MGM024.jpg,https://upload.wikimedia.org/wikipedia/en/8/89/Metal_gear_online.jpg,downloaded,Summary redirects to Metal Gear Online art.
FCA051,MGM025,metal_gear_master,Metal Gear,Metal Gear Solid: Peace Walker,wikipedia_summary,Metal Gear Solid: Peace Walker,/covers/metal-gear/MGM025.jpg,https://upload.wikimedia.org/wikipedia/en/8/86/Metal_Gear_Solid_Peace_Walker_Cover_Art.jpg,downloaded,Primary article cover.
FCA052,MGM026,metal_gear_master,Metal Gear,Metal Gear Solid HD Collection,wikipedia_summary,Metal Gear Solid HD Collection,/covers/metal-gear/MGM026.jpg,https://upload.wikimedia.org/wikipedia/en/e/ed/MGS_HD_NA_Boxart_X360.jpg,downloaded,Primary article cover.
FCA053,MGM027,metal_gear_master,Metal Gear,Metal Gear Solid: Snake Eater 3D,wikipedia_summary,Metal Gear Solid: Snake Eater 3D,/covers/metal-gear/MGM027.jpg,https://upload.wikimedia.org/wikipedia/en/b/b3/Mgs3box.jpg,downloaded,Primary article cover.
FCA054,MGM028,metal_gear_master,Metal Gear,Metal Gear Solid: The Legacy Collection,wikipedia_summary,Metal Gear Solid: The Legacy Collection,/covers/metal-gear/MGM028.jpg,https://upload.wikimedia.org/wikipedia/en/5/5a/MGL_cover_art.jpg,downloaded,Primary article cover.
FCA055,MGM029,metal_gear_master,Metal Gear,Metal Gear Rising: Revengeance,game_cover_sync,game:metal_gear_rising_revengeance,/covers/games/metal_gear_rising_revengeance.jpg,https://d2d2z3qzqjizpf.cloudfront.net/eyJidWNrZXQiOiJnZ2FwcCIsImtleSI6Im1lZGlhL2dhbWVzL2xXaFJXcy82ODczYzYzOC1jZjRmLTQ3MzEtOWJjZS0wMWE0NDQyMTk3MmYucG5nIiwiZWRpdHMiOnsidG9Gb3JtYXQiOiJqcGciLCJqcGVnIjp7InF1YWxpdHkiOjgwLCJjaHJvbWFTdWJzYW1wbGluZyI6IjQ6NDo0In0sInJlc2l6ZSI6eyJ3aWR0aCI6MzE2LCJoZWlnaHQiOjQ3NH19fQ==,downloaded,Synced from mapped game cover metal_gear_rising_revengeance (ggapp_export; https://ggapp.io/games/lWhRWs/metal-gear-rising-revengeance).
FCA056,MGM030,metal_gear_master,Metal Gear,Metal Gear Solid V: Ground Zeroes,wikipedia_summary,Metal Gear Solid V: Ground Zeroes,/covers/metal-gear/MGM030.jpg,https://upload.wikimedia.org/wikipedia/en/0/07/MGSV_Ground_Zeroes_boxart.jpg,downloaded,Primary article cover.
FCA057,MGM031,metal_gear_master,Metal Gear,Metal Gear Solid V: The Phantom Pain,wikipedia_summary,Metal Gear Solid V: The Phantom Pain,/covers/metal-gear/MGM031.png,https://upload.wikimedia.org/wikipedia/en/8/8f/Metal_Gear_Solid_V_The_Phantom_Pain_cover.png,downloaded,Primary article cover.
FCA058,MGM032,metal_gear_master,Metal Gear,Metal Gear Solid V: The Definitive Experience,wikipedia_summary,Metal Gear Solid V: The Phantom Pain,/covers/metal-gear/MGM032.png,https://upload.wikimedia.org/wikipedia/en/8/8f/Metal_Gear_Solid_V_The_Phantom_Pain_cover.png,downloaded,Shared with parent article.
FCA059,MGM033,metal_gear_master,Metal Gear,Metal Gear Survive,wikipedia_summary,Metal Gear Survive,/covers/metal-gear/MGM033.jpg,https://upload.wikimedia.org/wikipedia/en/c/cc/Metal_Gear_Survive_cover_art.jpg,downloaded,Primary article cover.
FCA060,MGM034,metal_gear_master,Metal Gear,Metal Gear Solid: Master Collection Vol. 1,direct_url,https://www.konami.com/mg/mc/s/img/share_img.jpg,/covers/metal-gear/MGM034.jpg,https://www.konami.com/mg/mc/s/img/share_img.jpg,downloaded,Official share image from Konami.
FCA061,MGM035,metal_gear_master,Metal Gear,Metal Gear Solid Delta: Snake Eater,wikipedia_summary,Metal Gear Solid Delta: Snake Eater,/covers/metal-gear/MGM035.jpg,https://upload.wikimedia.org/wikipedia/en/0/08/MetalGearSolidDelta.jpg,downloaded,Primary article cover.
FCA062,REM001,resident_evil_master,Resident Evil,Resident Evil,wikipedia_summary,Resident Evil (1996 video game),/covers/resident-evil/REM001.png,https://upload.wikimedia.org/wikipedia/en/a/a6/Resident_Evil_1_cover.png,downloaded,Primary article cover.
FCA063,REM002,resident_evil_master,Resident Evil,Resident Evil Director's Cut,wikipedia_summary,Resident Evil (1996 video game),/covers/resident-evil/REM002.png,https://upload.wikimedia.org/wikipedia/en/a/a6/Resident_Evil_1_cover.png,downloaded,Shared with original game article.
FCA064,REM003,resident_evil_master,Resident Evil,Resident Evil 2,wikipedia_summary,Resident Evil 2,/covers/resident-evil/REM003.png,https://upload.wikimedia.org/wikipedia/en/4/40/NTSC_Resident_Evil_2_Cover.png,downloaded,Primary article cover.
FCA065,REM004,resident_evil_master,Resident Evil,Resident Evil Director's Cut Dual Shock Ver.,wikipedia_summary,Resident Evil (1996 video game),/covers/resident-evil/REM004.png,https://upload.wikimedia.org/wikipedia/en/a/a6/Resident_Evil_1_cover.png,downloaded,Shared with original game article.
FCA066,REM005,resident_evil_master,Resident Evil,Resident Evil 2 Dual Shock Ver.,wikipedia_summary,Resident Evil 2,/covers/resident-evil/REM005.png,https://upload.wikimedia.org/wikipedia/en/4/40/NTSC_Resident_Evil_2_Cover.png,downloaded,Shared with parent article.
FCA067,REM006,resident_evil_master,Resident Evil,Resident Evil 3: Nemesis,wikipedia_summary,Resident Evil 3: Nemesis,/covers/resident-evil/REM006.jpg,https://upload.wikimedia.org/wikipedia/en/a/a5/Resident_Evil_3_Cover.jpg,downloaded,Primary article cover.
FCA068,REM007,resident_evil_master,Resident Evil,Resident Evil Survivor,wikipedia_summary,Resident Evil Survivor,/covers/resident-evil/REM007.jpg,https://upload.wikimedia.org/wikipedia/en/e/e3/RE_Survivor_front.jpg,downloaded,Primary article cover.
FCA069,REM008,resident_evil_master,Resident Evil,Resident Evil - Code: Veronica,wikipedia_summary,Resident Evil – Code: Veronica,/covers/resident-evil/REM008.jpg,https://upload.wikimedia.org/wikipedia/en/4/44/RECV_boxart.jpg,downloaded,Primary article cover.
FCA070,REM009,resident_evil_master,Resident Evil,Resident Evil Gaiden,wikipedia_summary,Resident Evil Gaiden,/covers/resident-evil/REM009.gif,https://upload.wikimedia.org/wikipedia/en/d/dd/Resident_Evil_Gaiden_Boxart.gif,downloaded,Primary article cover.
FCA071,REM010,resident_evil_master,Resident Evil,Resident Evil Survivor 2 - Code: Veronica,wikipedia_summary,Resident Evil Survivor 2 – Code: Veronica,/covers/resident-evil/REM010.jpg,https://upload.wikimedia.org/wikipedia/en/c/ca/RESurvivor2CV.jpg,downloaded,Primary article cover.
FCA072,REM011,resident_evil_master,Resident Evil,Resident Evil - Code: Veronica X,wikipedia_summary,Resident Evil – Code: Veronica X,/covers/resident-evil/REM011.jpg,https://upload.wikimedia.org/wikipedia/en/4/44/RECV_boxart.jpg,downloaded,Shared with Code: Veronica article.
FCA073,REM012,resident_evil_master,Resident Evil,Resident Evil Zero,wikipedia_summary,Resident Evil Zero,/covers/resident-evil/REM012.jpg,https://upload.wikimedia.org/wikipedia/en/c/c6/Rezerobox.jpg,downloaded,Primary article cover.
FCA074,REM013,resident_evil_master,Resident Evil,Resident Evil (2002 Remake),wikipedia_summary,Resident Evil (2002 video game),/covers/resident-evil/REM013.jpg,https://upload.wikimedia.org/wikipedia/en/a/ab/Resident_Evil_2002_cover.jpg,downloaded,Primary article cover.
FCA075,REM014,resident_evil_master,Resident Evil,Resident Evil: Dead Aim,wikipedia_summary,Resident Evil: Dead Aim,/covers/resident-evil/REM014.jpg,https://upload.wikimedia.org/wikipedia/en/a/a5/Residentevildeadaim.jpg,downloaded,Primary article cover.
FCA076,REM015,resident_evil_master,Resident Evil,Resident Evil Outbreak,wikipedia_summary,Resident Evil Outbreak,/covers/resident-evil/REM015.jpg,https://upload.wikimedia.org/wikipedia/en/a/ad/Re_outbreak_a.jpg,downloaded,Primary article cover.
FCA077,REM016,resident_evil_master,Resident Evil,Resident Evil Outbreak: File #2,wikipedia_summary,Resident Evil Outbreak: File #2,/covers/resident-evil/REM016.jpg,https://upload.wikimedia.org/wikipedia/en/9/9c/Resident_Evil_Outbreak_File_2.jpg,downloaded,Primary article cover.
FCA078,REM017,resident_evil_master,Resident Evil,Resident Evil 4,game_cover_sync,game:resident_evil_4,/covers/games/resident_evil_4.jpg,https://d2d2z3qzqjizpf.cloudfront.net/eyJidWNrZXQiOiJnZ2FwcCIsImtleSI6Im1lZGlhL2dhbWVzL3BJSUVlcy83ODFiZWQ2Ny04MmFhLTRjOGEtOGNkYy0wM2ZmMDk0ZWY2YTYuanBnIiwiZWRpdHMiOnsidG9Gb3JtYXQiOiJqcGciLCJqcGVnIjp7InF1YWxpdHkiOjgwLCJjaHJvbWFTdWJzYW1wbGluZyI6IjQ6NDo0In0sInJlc2l6ZSI6eyJ3aWR0aCI6MzE2LCJoZWlnaHQiOjQ3NH19fQ==,downloaded,Synced from mapped game cover resident_evil_4 (ggapp_export; https://ggapp.io/games/pIIEes/resident-evil-4).
FCA079,REM018,resident_evil_master,Resident Evil,Resident Evil: Deadly Silence,wikipedia_summary,Resident Evil: Deadly Silence,/covers/resident-evil/REM018.png,https://upload.wikimedia.org/wikipedia/en/a/a6/Resident_Evil_1_cover.png,downloaded,Primary article cover.
FCA080,REM019,resident_evil_master,Resident Evil,Resident Evil: The Umbrella Chronicles,wikipedia_summary,Resident Evil: The Umbrella Chronicles,/covers/resident-evil/REM019.jpg,https://upload.wikimedia.org/wikipedia/en/b/b5/Resident_Evil%2C_The_Umbrella_Chronicles_%282007_video_game%29.jpg,downloaded,Primary article cover.
FCA081,REM020,resident_evil_master,Resident Evil,Resident Evil 5,game_cover_sync,game:resident_evil_5,/covers/games/resident_evil_5.jpg,https://d2d2z3qzqjizpf.cloudfront.net/eyJidWNrZXQiOiJnZ2FwcCIsImtleSI6Im1lZGlhL2dhbWVzL0YxMEdQZS8wNzhjNDA2Yi0zNDE5LTQzZjgtYjVkNC0xY2Y3YTA0NTVhN2UucG5nIiwiZWRpdHMiOnsidG9Gb3JtYXQiOiJqcGciLCJqcGVnIjp7InF1YWxpdHkiOjgwLCJjaHJvbWFTdWJzYW1wbGluZyI6IjQ6NDo0In0sInJlc2l6ZSI6eyJ3aWR0aCI6MzE2LCJoZWlnaHQiOjQ3NH19fQ==,downloaded,Synced from mapped game cover resident_evil_5 (ggapp_export; https://ggapp.io/games/F10GPe/resident-evil-5).
FCA082,REM021,resident_evil_master,Resident Evil,Resident Evil: The Darkside Chronicles,wikipedia_summary,Resident Evil: The Darkside Chronicles,/covers/resident-evil/REM021.jpg,https://upload.wikimedia.org/wikipedia/en/9/91/REDC_Cover.jpg,downloaded,Primary article cover.
FCA083,REM022,resident_evil_master,Resident Evil,Resident Evil 5 Gold Edition,wikipedia_summary,Resident Evil 5,/covers/resident-evil/REM022.jpg,https://upload.wikimedia.org/wikipedia/en/5/58/Resident_Evil_5_Box_Artwork.jpg,downloaded,Shared with parent article.
FCA084,REM023,resident_evil_master,Resident Evil,Resident Evil Portable,wikipedia_summary,Resident Evil (1996 video game),/covers/resident-evil/REM023.png,https://upload.wikimedia.org/wikipedia/en/a/a6/Resident_Evil_1_cover.png,downloaded,No dedicated article art found; shared with original game article.
FCA085,REM024,resident_evil_master,Resident Evil,Resident Evil: The Mercenaries 3D,wikipedia_summary,Resident Evil: The Mercenaries 3D,/covers/resident-evil/REM024.jpg,https://upload.wikimedia.org/wikipedia/en/4/40/The_Mercenaries_3D.jpg,downloaded,Primary article cover.
FCA086,REM025,resident_evil_master,Resident Evil,Resident Evil: Revelations,wikipedia_summary,Resident Evil: Revelations,/covers/resident-evil/REM025.png,https://upload.wikimedia.org/wikipedia/en/f/f9/Resident_evil_rev._2012_Capcom.png,downloaded,Primary article cover.
FCA087,REM026,resident_evil_master,Resident Evil,Resident Evil: Operation Raccoon City,wikipedia_summary,Resident Evil: Operation Raccoon City,/covers/resident-evil/REM026.jpg,https://upload.wikimedia.org/wikipedia/en/5/52/OperationRaccoonCity.jpg,downloaded,Primary article cover.
FCA088,REM027,resident_evil_master,Resident Evil,Resident Evil 6,wikipedia_summary,Resident Evil 6,/covers/resident-evil/REM027.png,https://upload.wikimedia.org/wikipedia/en/1/11/Resident_Evil_6_box_artwork.png,downloaded,Primary article cover.
FCA089,REM028,resident_evil_master,Resident Evil,Resident Evil: Revelations 2,wikipedia_summary,Resident Evil: Revelations 2,/covers/resident-evil/REM028.jpg,https://upload.wikimedia.org/wikipedia/en/7/74/ResidentEvilRevelations2.jpg,downloaded,Primary article cover.
FCA090,REM029,resident_evil_master,Resident Evil,Resident Evil HD Remaster,wikipedia_summary,Resident Evil HD Remaster,/covers/resident-evil/REM029.jpg,https://upload.wikimedia.org/wikipedia/en/a/ab/Resident_Evil_2002_cover.jpg,downloaded,Primary article cover via remake article.
FCA091,REM030,resident_evil_master,Resident Evil,Resident Evil Zero HD Remaster,wikipedia_summary,Resident Evil Zero HD Remaster,/covers/resident-evil/REM030.jpg,https://upload.wikimedia.org/wikipedia/en/c/c6/Rezerobox.jpg,downloaded,Primary article cover via original game article.
FCA092,REM031,resident_evil_master,Resident Evil,Umbrella Corps,wikipedia_summary,Umbrella Corps,/covers/resident-evil/REM031.jpg,https://upload.wikimedia.org/wikipedia/en/1/1b/Umbrella_Corps_cover_art.jpg,downloaded,Primary article cover.
FCA093,REM032,resident_evil_master,Resident Evil,Resident Evil 7: Biohazard,game_cover_sync,game:resident_evil_7,/covers/games/resident_evil_7.jpg,https://d2d2z3qzqjizpf.cloudfront.net/eyJidWNrZXQiOiJnZ2FwcCIsImtleSI6Im1lZGlhL2dhbWVzL0RGMFBBWi80OGFmZWMxZi1hMTYwLTQ4ZTktYTg0Mi1mNzk4Y2EwNWI5MzIucG5nIiwiZWRpdHMiOnsidG9Gb3JtYXQiOiJqcGciLCJqcGVnIjp7InF1YWxpdHkiOjgwLCJjaHJvbWFTdWJzYW1wbGluZyI6IjQ6NDo0In0sInJlc2l6ZSI6eyJ3aWR0aCI6MzE2LCJoZWlnaHQiOjQ3NH19fQ==,downloaded,Synced from mapped game cover resident_evil_7 (ggapp_export; https://ggapp.io/games/DF0PAZ/resident-evil-7-biohazard).
FCA094,REM033,resident_evil_master,Resident Evil,Resident Evil 7 biohazard Gold Edition,wikipedia_summary,Resident Evil 7: Biohazard,/covers/resident-evil/REM033.jpg,https://upload.wikimedia.org/wikipedia/en/f/fd/Resident_Evil_7_cover_art.jpg,downloaded,Shared with parent article.
FCA095,REM034,resident_evil_master,Resident Evil,Resident Evil 2 (2019 Remake),wikipedia_summary,Resident Evil 2 (2019 video game),/covers/resident-evil/REM034.jpg,https://upload.wikimedia.org/wikipedia/en/f/fd/Resident_Evil_2_Remake.jpg,downloaded,Primary article cover.
FCA096,REM035,resident_evil_master,Resident Evil,Resident Evil Resistance,wikipedia_summary,Resident Evil Resistance,/covers/resident-evil/REM035.jpg,https://upload.wikimedia.org/wikipedia/en/0/00/Resident_Evil_Resistance.jpg,downloaded,Primary article cover.
FCA097,REM036,resident_evil_master,Resident Evil,Resident Evil 3 (2020 Remake),wikipedia_summary,Resident Evil 3 (2020 video game),/covers/resident-evil/REM036.jpg,https://upload.wikimedia.org/wikipedia/en/d/dc/Resident_Evil_3.jpg,downloaded,Primary article cover.
FCA098,REM037,resident_evil_master,Resident Evil,Resident Evil Village,game_cover_sync,game:resident_evil_village,/covers/games/resident_evil_village.jpg,https://d2d2z3qzqjizpf.cloudfront.net/eyJidWNrZXQiOiJnZ2FwcCIsImtleSI6Im1lZGlhL2dhbWVzL1JuZlJkWC85NzM5YjkwYy05N2E4LTQ2MzQtODAwNC0yYzI1OWQ2MDkzNDUucG5nIiwiZWRpdHMiOnsidG9Gb3JtYXQiOiJqcGciLCJqcGVnIjp7InF1YWxpdHkiOjgwLCJjaHJvbWFTdWJzYW1wbGluZyI6IjQ6NDo0In0sInJlc2l6ZSI6eyJ3aWR0aCI6MzE2LCJoZWlnaHQiOjQ3NH19fQ==,downloaded,Synced from mapped game cover resident_evil_village (ggapp_export; https://ggapp.io/games/RnfRdX/resident-evil-village).
FCA099,REM038,resident_evil_master,Resident Evil,Resident Evil Village Gold Edition,wikipedia_summary,Resident Evil Village,/covers/resident-evil/REM038.png,https://upload.wikimedia.org/wikipedia/en/2/2c/Resident_Evil_Village.png,downloaded,Shared with parent article.
FCA100,REM039,resident_evil_master,Resident Evil,Resident Evil RE:Verse,wikipedia_summary,Resident Evil Village,/covers/resident-evil/REM039.png,https://upload.wikimedia.org/wikipedia/en/2/2c/Resident_Evil_Village.png,downloaded,No dedicated article cover found; shared with related Village article.
FCA101,REM040,resident_evil_master,Resident Evil,Resident Evil 4 (2023 Remake),game_cover_sync,game:resident_evil_4_remake,/covers/games/resident_evil_4_remake.jpg,https://d2d2z3qzqjizpf.cloudfront.net/eyJidWNrZXQiOiJnZ2FwcCIsImtleSI6Im1lZGlhL2dhbWVzL1dDUmNhYy9mZTIxMDIxZC1hZTFiLTQxNzctODlmOS1kYTAxNGFiMjk2ZDMuanBnIiwiZWRpdHMiOnsidG9Gb3JtYXQiOiJqcGciLCJqcGVnIjp7InF1YWxpdHkiOjgwLCJjaHJvbWFTdWJzYW1wbGluZyI6IjQ6NDo0In0sInJlc2l6ZSI6eyJ3aWR0aCI6MzE2LCJoZWlnaHQiOjQ3NH19fQ==,downloaded,Synced from mapped game cover resident_evil_4_remake (ggapp_export; https://ggapp.io/games/WCRcac/resident-evil-4).
FCA102,REM041,resident_evil_master,Resident Evil,Resident Evil Requiem,wikipedia_summary,Resident Evil Requiem,/covers/resident-evil/REM041.jpg,https://upload.wikimedia.org/wikipedia/en/1/15/Resident_Evil_Requiem_Cover_Art.jpg,downloaded,Primary article cover.
