game_id,title,series,primary_genre,combat_style,story_strength,progression_clarity,early_hook,aesthetic_fit,emotional_complexity,combat_depth,endgame_repetition_risk,pacing_speed,notes
thirteen_sentinels_aegis_rim,13 Sentinels: Aegis Rim,13 Sentinels,adventure_strategy,story_adventure_with_rts_defense,high,medium,high,high,high,medium,low,medium,"A mystery-heavy sci-fi narrative with intertwined character arcs, major reveals, and stylish presentation."
shibuya_scramble_428,428: Shibuya Scramble,428: Shibuya Scramble,visual_novel,live_action_branching_story,high,high,high,high,high,low,low,fast,A live-action mystery visual novel with excellent momentum and intersecting storylines.
zero_escape_999,"999: Nine Hours, Nine Persons, Nine Doors",Zero Escape,visual_novel_escape,escape_room_visual_novel,high,medium,high,high,high,low,medium,fast,"A branching mystery with escape-room gameplay, high tension, and very strong narrative reveals."
a_plague_tale_innocence,A Plague Tale: Innocence,A Plague Tale,action_adventure,stealth_action_adventure,high,high,high,high,high,medium,low,fast,A focused narrative stealth-adventure with strong atmosphere and clear story propulsion.
a_plague_tale_requiem,A Plague Tale: Requiem,A Plague Tale,action_adventure,stealth_action_adventure,high,high,high,high,high,medium,low,fast,"A dark narrative campaign with strong emotional stakes, stealth-action progression, and cinematic focus."
advance_wars_1_and_2,Advance Wars 1 and 2,Advance Wars,tactical_strategy,turn_based_grid_tactics,low,high,high,medium,low,high,medium,fast,"Readable tactical campaigns with excellent mechanical clarity, but a lighter emotional hook than narrative-heavy tactics RPGs."
advance_wars_1_2_re_boot_camp,Advance Wars: 1+2 Re-Boot Camp,,,,,,,,,,,,Imported from GG App export on 2026-04-08. Metadata pending enrichment. Source: https://ggapp.io/games/6Ugtez/advance-wars-1-2-re-boot-camp.
ai_the_somnium_files_nirvana_initiative,AI: The Somnium Files - nirvanA Initiative,AI: The Somnium Files,adventure_investigation,investigation_and_psync_puzzles,high,medium,high,high,high,low,medium,fast,"A mystery adventure sequel with strong twists, stylish presentation, and puzzle-investigation structure."
alan_wake_2,Alan Wake 2,Alan Wake,survival_horror,third_person_survival_horror,high,medium,medium,high,high,medium,low,medium,"A narrative-heavy horror thriller with strong atmosphere and mystery, but slower and more investigative than pure action-horror."
alan_wake_s_american_nightmare,Alan Wake's American Nightmare,,,,,,,,,,,,Imported from GG App export on 2026-04-08. Metadata pending enrichment. Source: https://ggapp.io/games/OS5N7e/alan-wakes-american-nightmare.
alien_isolation,Alien: Isolation,Alien,survival_horror,stealth_survival_horror,high,medium,medium,high,high,medium,medium,slow,"An excellent atmospheric horror game with strong tension, but a notably long and drawn-out structure."
assassin_s_creed_origins,Assassin's Creed® Origins,,,,,,,,,,,,Imported from GG App export on 2026-04-08. Metadata pending enrichment. Source: https://ggapp.io/games/0OFLRX/assassins-creed-r-origins.
astral_chain,Astral Chain,Astral Chain,action_adventure,stylish_action_dual_character,medium,medium,high,high,medium,high,medium,medium,"A stylish action game with strong visual identity and setpieces, but a cooler emotional temperature and a more system-driven loop."
astria_ascending,Astria Ascending,,,,,,,,,,,,Imported from GG App export on 2026-04-08. Metadata pending enrichment. Source: https://ggapp.io/games/Gzeof5/astria-ascending.
axiom_verge,Axiom Verge,Axiom Verge,metroidvania,action_platforming_metroidvania,medium,high,high,high,medium,high,low,fast,A retro-heavy metroidvania with strong exploration and ability gating.
axiom_verge_2,Axiom Verge 2,Axiom Verge,metroidvania,exploration_metroidvania,medium,medium,medium,high,medium,medium,low,medium,A more exploration-focused sequel with less combat urgency and a more diffuse structure.
balatro,Balatro,Balatro,roguelite_card_game,deckbuilding_score_attack,low,high,high,medium,low,high,high,fast,"A deeply replayable card roguelite driven by runs, combo discovery, and score chase rather than narrative."
bastion,Bastion,Supergiant,action_rpg,isometric_action,medium,high,high,high,medium,medium,low,fast,"A stylish action game with strong narration, atmosphere, and satisfying compact progression."
baten_kaitos_i_and_ii,Baten Kaitos I and II,Baten Kaitos,jrpg,card_based_turn_command,high,medium,medium,high,high,medium,medium,slow,"Atmospheric card-based JRPGs with strong worldbuilding and lore, but a slower combat texture and momentum profile."
baten_kaitos_origins,Baten Kaitos Origins,,,,,,,,,,,,Imported from GG App export on 2026-04-08. Metadata pending enrichment. Source: https://ggapp.io/games/0F2UQI/baten-kaitos-origins.
baten_kaitos_eternal_wings_and_the_lost_ocean,Baten Kaitos: Eternal Wings and the Lost Ocean,,,,,,,,,,,,Imported from GG App export on 2026-04-08. Metadata pending enrichment. Source: https://ggapp.io/games/jGP7s5/baten-kaitos-eternal-wings-and-the-lost-ocean.
batman_arkham_asylum,Batman: Arkham Asylum,,,,,,,,,,,,Imported from GG App export on 2026-04-08. Metadata pending enrichment. Source: https://ggapp.io/games/6kI1K3/batman-arkham-asylum.
bayonetta,Bayonetta,Bayonetta,stylish_action,character_action,medium,high,high,high,medium,high,low,fast,"A stylish action game built around expressive combat mastery, outrageous spectacle, and strong mechanical scoring focus."
bayonetta_2,Bayonetta 2,Bayonetta,stylish_action,character_action,medium,high,high,high,medium,high,low,fast,"A smoother, more accessible sequel with more spectacle and variety, but still primarily driven by stylish combat appeal."
bayonetta_3,Bayonetta 3,Bayonetta,stylish_action,character_action,medium,high,high,high,medium,high,low,fast,"A bigger, flashier sequel with high spectacle, multiple gimmicks, and the same core demand for stylish action buy-in."
blasphemous,Blasphemous,Blasphemous,metroidvania,action_platforming_soulslike,medium,medium,medium,high,high,high,medium,medium,A dark and stylish action-metroidvania with strong atmosphere and harsher combat friction.
blasphemous_2,Blasphemous 2,Blasphemous,metroidvania,action_platforming_metroidvania,medium,high,high,high,high,high,low,fast,A more fluid sequel that keeps the strong atmosphere while smoothing the progression loop.
bloodstained_ritual_of_the_night,Bloodstained: Ritual of the Night,Bloodstained,metroidvania,action_platforming_metroidvania,medium,high,high,high,medium,high,low,fast,"A modern Igavania built around castle exploration, gear and ability progression, and a familiar Castlevania-like loop."
blue_dragon,Blue Dragon,Blue Dragon,jrpg,traditional_turn_based,medium,high,medium,high,medium,medium,low,medium,"A bright traditional JRPG with Akira Toriyama style, straightforward progression, and lighter tone than darker story-heavy RPGs."
bravely_default,Bravely Default,Bravely,jrpg,turn_based_brave_default,high,high,medium,high,high,high,medium,medium,"A 3DS JRPG with strong worldbuilding, major twists, and deep job systems, but notable late-game repetition and meaningful difficulty spikes."
bravely_second,Bravely Second,Bravely,jrpg,turn_based_brave_default,medium,high,medium,high,medium,high,medium,medium,A systems-rich sequel focused more on refinement and jobs than on surprise.
breath_of_fire_iv,Breath of Fire IV,Breath of Fire,jrpg,traditional_turn_based,medium,high,medium,high,medium,medium,low,medium,A classic PS1 JRPG with strong visual identity and an accessible adventure structure.
broken_age,Broken Age,Standalone,point_and_click_adventure,puzzle_adventure,medium,medium,medium,high,medium,low,low,medium,"A storybook point-and-click adventure focused on charm, puzzles, and character-driven presentation."
captain_toad_treasure_tracker,Captain Toad: Treasure Tracker,Captain Toad,puzzle_platformer,compact_puzzle_platforming,medium,high,high,high,medium,low,low,fast,"A charming puzzle-platformer with clean structure, low friction, and high replayability."
captain_tsubasa_rise_of_new_champions,Captain Tsubasa: Rise of New Champions,Captain Tsubasa,arcade_sports_action,arcade_soccer_action,medium,medium,medium,high,medium,medium,medium,medium,An anime soccer game built around spectacle and special moves more than nuanced match flow or strong progression rhythm.
castlevania_dominus_collection,Castlevania Dominus Collection,,,,,,,,,,,,Imported from GG App export on 2026-04-08. Metadata pending enrichment. Source: https://ggapp.io/games/bWUSQP/castlevania-dominus-collection.
castlevania_aria_of_sorrow,Castlevania: Aria of Sorrow,Castlevania,metroidvania,action_platforming_metroidvania,medium,high,high,high,medium,high,low,fast,"A highly regarded metroidvania with excellent progression, soul collection systems, and satisfying castle exploration."
castlevania_circle_of_the_moon,Castlevania: Circle of the Moon,Castlevania,metroidvania,action_platforming_metroidvania,medium,high,high,high,medium,high,low,fast,"A tougher early GBA Castlevania with exploration, progression, and mastery-heavy combat feel."
castlevania_dawn_of_sorrow,Castlevania: Dawn of Sorrow,Castlevania,metroidvania,action_platforming_metroidvania,medium,high,high,high,medium,high,low,fast,"A DS metroidvania with strong map progression, combat growth, and familiar exploration-driven momentum."
castlevania_harmony_of_dissonance,Castlevania: Harmony of Dissonance,Castlevania,metroidvania,action_platforming_metroidvania,medium,high,high,high,medium,high,low,fast,"A bright, exploration-forward Castlevania with strong map progression and portable momentum."
castlevania_order_of_ecclesia,Castlevania: Order of Ecclesia,,,,,,,,,,,,Imported from GG App export on 2026-04-08. Metadata pending enrichment. Source: https://ggapp.io/games/HKWgcr/castlevania-order-of-ecclesia.
castlevania_portrait_of_ruin,Castlevania: Portrait of Ruin,,,,,,,,,,,,Imported from GG App export on 2026-04-08. Metadata pending enrichment. Source: https://ggapp.io/games/k1Ci6A/castlevania-portrait-of-ruin.
castlevania_symphony_of_the_night,Castlevania: Symphony of the Night,,,,,,,,,,,,Imported from GG App export on 2026-04-08. Metadata pending enrichment. Source: https://ggapp.io/games/d827Eo/castlevania-symphony-of-the-night.
catherine,Catherine,Atlus,puzzle_adventure,arcade_puzzle_climbing,high,low,medium,high,high,medium,high,medium,"A stylish psychological puzzle adventure with strong music and premise, but a very specific pressure-heavy puzzle loop."
child_of_light,Child of Light,Standalone,jrpg_platformer,active_time_battle,high,high,high,high,medium,medium,low,medium,"A compact fairy-tale RPG with elegant presentation, steady growth, and strong storybook atmosphere."
chrono_cross,Chrono Cross,Chrono,jrpg,stamina_element_battle,medium,medium,medium,high,high,medium,medium,medium,"A beautiful but more diffuse RPG known for atmosphere, music, and a less direct narrative than Chrono Trigger."
chrono_trigger,Chrono Trigger,Chrono,jrpg,active_time_battle,high,high,high,high,high,medium,low,fast,"A classic JRPG known for tight pacing, strong character arcs, and minimal filler."
citizen_sleeper,Citizen Sleeper,Citizen Sleeper,narrative_rpg,dice_driven_narrative_rpg,high,medium,medium,high,high,low,low,medium,A character-driven sci-fi narrative RPG with strong atmosphere and steady emotional pull.
clair_obscur_expedition_33,Clair Obscur: Expedition 33,Clair Obscur,jrpg,reactive_turn_based,high,high,high,high,high,high,low,medium,"A tragic party-driven RPG with reactive turn-based combat, strong buildcraft, and a heavy emotional premise."
coffee_talk,Coffee Talk,,,,,,,,,,,,Imported from GG App export on 2026-04-08. Metadata pending enrichment. Source: https://ggapp.io/games/I5KQJM/coffee-talk.
contra,Contra,,,,,,,,,,,,Imported from GG App export on 2026-04-08. Metadata pending enrichment. Source: https://ggapp.io/games/GsGZcF/contra.
contra_anniversary_collection,Contra Anniversary Collection,,,,,,,,,,,,Imported from GG App export on 2026-04-08. Metadata pending enrichment. Source: https://ggapp.io/games/z9FUnR/contra-anniversary-collection.
contra_iii_the_alien_wars,Contra III: The Alien Wars,,,,,,,,,,,,Imported from GG App export on 2026-04-08. Metadata pending enrichment. Source: https://ggapp.io/games/A6wUp9/contra-iii-the-alien-wars.
control,Control,Remedy,action_adventure,third_person_psychic_action,medium,medium,medium,high,medium,high,medium,medium,"A stylish paranormal action game with strong atmosphere and powers, but a somewhat drift-heavy structure and cooler narrative pull."
crisis_core_final_fantasy_vii,Crisis Core: Final Fantasy VII,Final Fantasy,action_jrpg,real_time_action_rpg,high,high,high,high,high,medium,medium,fast,"A fast PSP action RPG built around materia loadouts, emotional character drama, and strong FFVII lore ties."
daxter,Daxter,Jak and Daxter,action_platformer,platforming_shooter,medium,high,high,medium,low,medium,low,fast,"Fast, polished PSP action-platformer with strong mission clarity, humor, and very clean forward momentum."
dead_or_alive_2_ultimate,Dead or Alive 2 Ultimate,,,,,,,,,,,,Imported from GG App export on 2026-04-08. Metadata pending enrichment. Source: https://ggapp.io/games/m7h3Ox/dead-or-alive-2-ultimate.
dead_or_alive_3,Dead or Alive 3,,,,,,,,,,,,Imported from GG App export on 2026-04-08. Metadata pending enrichment. Source: https://ggapp.io/games/2Yckio/dead-or-alive-3.
dead_or_alive_4,Dead or Alive 4,,,,,,,,,,,,Imported from GG App export on 2026-04-08. Metadata pending enrichment. Source: https://ggapp.io/games/yEeQXO/dead-or-alive-4.
dead_or_alive_5,Dead or Alive 5,,,,,,,,,,,,Imported from GG App export on 2026-04-08. Metadata pending enrichment. Source: https://ggapp.io/games/0Ly9yo/dead-or-alive-5.
dead_or_alive_ultimate,Dead or Alive Ultimate,,,,,,,,,,,,Imported from GG App export on 2026-04-08. Metadata pending enrichment. Source: https://ggapp.io/games/iAFYUr/dead-or-alive-ultimate.
dead_space,Dead Space,Dead Space,survival_horror,third_person_survival_horror,medium,high,high,high,high,high,low,fast,"A tightly paced sci-fi horror game with strong combat feel, atmosphere, and upgrade progression."
dead_space_2,Dead Space 2,Dead Space,survival_horror,third_person_survival_horror,medium,high,high,high,high,high,low,fast,"A faster, more action-forward sequel that keeps the atmosphere while improving momentum."
death_stranding,Death Stranding,Death Stranding,action_adventure,delivery_action_adventure,high,medium,low,high,high,medium,medium,slow,"A highly atmospheric and unusual journey game with very strong lore and concept, but a divisive traversal-heavy loop."
death_stranding_director_s_cut,DEATH STRANDING DIRECTOR'S CUT,,,,,,,,,,,,Imported from GG App export on 2026-04-08. Metadata pending enrichment. Source: https://ggapp.io/games/g3quVb/death-stranding-directors-cut.
deaths_door,Death's Door,Death's Door,action_adventure,isometric_action_adventure,medium,high,high,high,medium,medium,low,fast,"A compact action adventure with strong momentum, clean combat, and a melancholic tone."
detroit_become_human,Detroit: Become Human,Quantic Dream,interactive_drama,choice_driven_qte_adventure,high,high,high,high,high,low,low,fast,"A branching narrative adventure centered on player choice, presentation, and replayable consequence mapping."
deus_ex_human_revolution,Deus Ex: Human Revolution,,,,,,,,,,,,Imported from GG App export on 2026-04-08. Metadata pending enrichment. Source: https://ggapp.io/games/HahiHI/deus-ex-human-revolution.
deus_ex_mankind_divided,Deus Ex: Mankind Divided,,,,,,,,,,,,Imported from GG App export on 2026-04-08. Metadata pending enrichment. Source: https://ggapp.io/games/2lvCS2/deus-ex-mankind-divided.
devil_may_cry,Devil May Cry,,,,,,,,,,,,Imported from GG App export on 2026-04-08. Metadata pending enrichment. Source: https://ggapp.io/games/DScBDZ/devil-may-cry.
devil_may_cry_2,Devil May Cry 2,,,,,,,,,,,,Imported from GG App export on 2026-04-08. Metadata pending enrichment. Source: https://ggapp.io/games/2U4Nxf/devil-may-cry-2.
devil_may_cry_4,Devil May Cry 4,Devil May Cry,stylish_action,character_action,medium,high,high,high,medium,high,low,fast,"A stylish action campaign with strong character fantasy, fast combat, and clear mission structure."
digimon_story_cyber_sleuth,Digimon Story: Cyber Sleuth,Digimon,jrpg,turn_based_monster_battle,medium,high,medium,high,medium,medium,medium,medium,"A modern Digimon RPG with strong monster-building, cyber mystery flavor, and long-form progression."
digimon_story_hackers_memory,Digimon Story: Cyber Sleuth - Hacker's Memory,Digimon,jrpg,turn_based_monster_battle,medium,high,medium,high,medium,medium,medium,medium,A companion Digimon RPG with similar systems and a somewhat stronger character angle.
disco_elysium,Disco Elysium,Disco Elysium,rpg,narrative_dialogue_rpg,high,medium,medium,high,high,low,low,slow,"A dialogue-heavy detective RPG with exceptional writing, but almost no combat and a very text-forward rhythm."
dissidia_final_fantasy,Dissidia: Final Fantasy,Final Fantasy,arena_fighter_rpg_hybrid,arena_duel_action,medium,medium,high,high,medium,high,medium,fast,"A PSP crossover fighter with RPG growth systems, fan-service-heavy story, and highly distinctive aerial combat."
doki_doki_literature_club_plus,Doki Doki Literature Club Plus!,Doki Doki Literature Club,visual_novel,meta_visual_novel,high,high,high,high,high,low,low,fast,"A meta-horror visual novel built around tonal rupture, psychological unease, and full-commitment narrative escalation."
donkey_kong_country,Donkey Kong Country,Donkey Kong,platformer,precision_platforming,low,high,high,high,medium,high,low,fast,"A tightly paced 2D platformer with strong feel, challenge, and momentum."
donkey_kong_country_2,Donkey Kong Country 2: Diddy's Kong Quest,Donkey Kong,platformer,precision_platforming,low,high,high,high,medium,high,low,fast,"A tightly designed challenge platformer with excellent feel, strong momentum, and rewarding mastery."
dragon_quest_ix,Dragon Quest IX: Sentinels of the Starry Skies,Dragon Quest,jrpg,traditional_turn_based,medium,high,medium,medium,medium,medium,medium,medium,A systems-heavy portable Dragon Quest with strong customization but less authored party drama.
dragon_quest_v,Dragon Quest V: Hand of the Heavenly Bride,Dragon Quest,jrpg,traditional_turn_based,high,high,medium,high,high,medium,low,medium,A beloved character-driven Dragon Quest with life-spanning emotional payoff.
dragon_quest_viii,Dragon Quest VIII: Journey of the Cursed King,Dragon Quest,jrpg,traditional_turn_based,high,high,medium,high,high,medium,low,medium,A classic adventure JRPG with strong cast warmth and a comfortable long-form journey.
dragon_quest_xi_s,Dragon Quest XI S: Echoes of an Elusive Age,Dragon Quest,jrpg,traditional_turn_based,high,high,medium,high,high,medium,low,medium,"A classic-feeling JRPG with strong cast warmth, long-form adventure, and generous pacing rather than sharp early urgency."
ender_lilies,Ender Lilies: Quietus of the Knights,Ender Lilies,metroidvania,action_platforming_metroidvania,medium,high,medium,high,high,high,low,medium,"A melancholy metroidvania with strong atmosphere, clean progression, and spirit-based combat."
enslaved_odyssey_to_the_west,Enslaved: Odyssey to the West,Enslaved,action_adventure,third_person_action_adventure,high,high,high,high,high,medium,low,fast,"A companion-focused action adventure with strong concept, steady momentum, and a clear emotional throughline."
fahrenheit_indigo_prophecy,Fahrenheit: Indigo Prophecy,Quantic Dream,interactive_drama,choice_driven_qte_adventure,medium,medium,high,high,medium,low,low,medium,"An influential early Quantic Dream game with a famous opening, bold ideas, and a divisive later narrative turn."
fantasian,FANTASIAN,,,,,,,,,,,,Imported from GG App export on 2026-04-08. Metadata pending enrichment. Source: https://ggapp.io/games/kgbKNC/fantasian.
final_fantasy_crystal_chronicles,Final Fantasy Crystal Chronicles,Final Fantasy,action_rpg,cooperative_action_rpg,medium,medium,medium,high,medium,medium,medium,medium,"A lighter FF action RPG built around atmosphere, dungeon runs, and cooperative progression with some structural friction."
final_fantasy_ix,Final Fantasy IX,Final Fantasy,jrpg,active_time_battle,high,high,medium,high,high,medium,low,medium,"A beloved character-focused FF with strong emotional payoff, but more classic pacing than the most immediate entries."
final_fantasy_vii_original,Final Fantasy VII,Final Fantasy,jrpg,active_time_battle,high,medium,medium,high,high,medium,low,medium,Classic FF with strong tragic arcs and iconic presentation.
final_fantasy_vii_rebirth,Final Fantasy VII Rebirth,Final Fantasy,action_jrpg,real_time_command_hybrid,high,medium,medium,high,high,high,medium,medium,Broader structure than Remake with strong character work.
final_fantasy_vii_remake,Final Fantasy VII Remake,Final Fantasy,action_jrpg,real_time_command_hybrid,high,high,high,high,high,high,low,fast,Modern FFVII adaptation with strong presentation and better combat engagement.
final_fantasy_vii_remake_intergrade,Final Fantasy VII Remake Intergrade,Final Fantasy,action_jrpg,real_time_command_hybrid,high,high,high,high,high,high,low,fast,"A polished action-command remake of FFVII with strong character work, Midgar focus, and Yuffie DLC content included."
final_fantasy_vii_remake_episode_intermission,Final Fantasy VII Remake: EPISODE INTERmission,,,,,,,,,,,,Imported from GG App export on 2026-04-08. Metadata pending enrichment. Source: https://ggapp.io/games/FJLL3f/final-fantasy-vii-remake-episode-intermission.
final_fantasy_x,Final Fantasy X,Final Fantasy,jrpg,conditional_turn_based,high,high,medium,medium,high,medium,low,slow,Strong payoff but a slower and more menu-driven feel.
final_fantasy_xii,Final Fantasy XII,Final Fantasy,jrpg,real_time_command_gambit,high,high,medium,high,high,high,medium,medium,"A politically textured Ivalice journey with deep systems, gambits, license boards, and satisfying party automation."
final_fantasy_xiii,Final Fantasy XIII,Final Fantasy,jrpg,paradigm_shift_atb,high,high,medium,high,high,high,medium,fast,"A highly linear but polished RPG with dramatic party arcs, strong audiovisual identity, and fast combat once its systems open up."
final_fantasy_xiii_2,Final Fantasy XIII-2,Final Fantasy,jrpg,paradigm_shift_atb,medium,high,high,high,medium,high,medium,fast,"A more open follow-up with time-travel framing, monster collecting, and the same fast, system-heavy combat foundation."
final_fantasy_xv,Final Fantasy XV,Final Fantasy,action_jrpg,real_time_party_action,medium,medium,medium,high,medium,medium,medium,medium,Stylish road-trip fantasy with strong side material and uneven base story execution.
final_fantasy_xvi,Final Fantasy XVI,Final Fantasy,action_rpg,spectacle_action_rpg,high,high,high,high,high,high,low,fast,"A dark fantasy action RPG with tragic character drama, very strong spectacle, and a largely streamlined structure."
fire_emblem_gba,Fire Emblem,Fire Emblem,tactical_rpg,turn_based_grid_tactics,high,high,medium,high,high,high,low,medium,"A GBA tactical RPG focused on character bonds, permadeath stakes, and strong campaign structure."
fire_emblem_awakening,Fire Emblem Awakening,Fire Emblem,tactical_rpg,turn_based_grid_tactics,high,high,high,high,high,high,low,fast,"A beloved entry built around character support bonds, tactical progression, and strong emotional arcs."
fire_emblem_fates,Fire Emblem Fates,Fire Emblem,tactical_rpg,turn_based_grid_tactics,medium,high,medium,high,medium,high,low,medium,A systems-rich but more divisive Fire Emblem that often lands more for gameplay than for story.
fire_emblem_the_sacred_stones,Fire Emblem: The Sacred Stones,Fire Emblem,tactical_rpg,turn_based_grid_tactics,high,high,medium,high,high,high,low,medium,"A more approachable GBA Fire Emblem with strong route pacing, class growth, and party attachment."
fire_emblem_three_houses,Fire Emblem: Three Houses,Fire Emblem,tactical_rpg,turn_based_grid_tactics,high,medium,medium,high,high,high,low,medium,"A route-based tactical RPG centered on bonds, branching perspectives, political conflict, and long-term character investment."
florence,Florence,,,,,,,,,,,,Imported from GG App export on 2026-04-08. Metadata pending enrichment. Source: https://ggapp.io/games/rMSkwG/florence.
front_mission_1st_remake,FRONT MISSION 1st: Remake,,,,,,,,,,,,Imported from GG App export on 2026-04-08. Metadata pending enrichment. Source: https://ggapp.io/games/vcL0tO/front-mission-1st-remake.
fuga_melodies_of_steel,Fuga: Melodies of Steel,Fuga,jrpg,turn_based_party_management,high,high,high,high,high,medium,low,fast,"A war drama RPG with strong party bonds, a dark emotional hook, and very clear campaign progression."
fuga_melodies_of_steel_2,Fuga: Melodies of Steel 2,Fuga,jrpg,turn_based_party_management,high,high,high,high,high,medium,low,fast,A sequel that builds on the first game's strong emotional and tactical loop.
gears_of_war,Gears of War,Gears of War,third_person_shooter,cover_shooter,medium,high,high,high,medium,high,low,fast,A tightly paced cover shooter with memorable combat arenas and a focused military sci-fi campaign.
gears_of_war_2,Gears of War 2,Gears of War,third_person_shooter,cover_shooter,high,high,high,high,medium,high,low,fast,A bigger and more emotional sequel that keeps the same heavy cover-shooter loop and strong campaign momentum.
gears_of_war_3,Gears of War 3,Gears of War,third_person_shooter,cover_shooter,high,high,high,high,high,high,low,fast,"A payoff-heavy shooter finale with strong co-op energy, dramatic stakes, and fast forward drive."
gears_of_war_4,Gears of War 4,,,,,,,,,,,,Imported from GG App export on 2026-04-08. Metadata pending enrichment. Source: https://ggapp.io/games/9UptTR/gears-of-war-4.
gears_of_war_judgment,Gears of War: Judgment,,,,,,,,,,,,Imported from GG App export on 2026-04-08. Metadata pending enrichment. Source: https://ggapp.io/games/c8o3sJ/gears-of-war-judgment.
ghost_trick,Ghost Trick,Ghost Trick,puzzle_adventure,investigation_puzzle_adventure,high,high,high,high,high,low,low,fast,"A highly acclaimed mystery adventure with excellent pacing, character charm, and payoff-heavy twists."
god_of_war,God of War,,,,,,,,,,,,Imported from GG App export on 2026-04-08. Metadata pending enrichment. Source: https://ggapp.io/games/HH0sI1/god-of-war.
god_of_war_ii,God of War II,,,,,,,,,,,,Imported from GG App export on 2026-04-08. Metadata pending enrichment. Source: https://ggapp.io/games/W5iqPY/god-of-war-ii.
god_of_war_iii,God of War III,,,,,,,,,,,,Imported from GG App export on 2026-04-08. Metadata pending enrichment. Source: https://ggapp.io/games/FURmwe/god-of-war-iii.
god_of_war_chains_of_olympus,God of War: Chains of Olympus,,,,,,,,,,,,Imported from GG App export on 2026-04-08. Metadata pending enrichment. Source: https://ggapp.io/games/tDMp06/god-of-war-chains-of-olympus.
golden_sun,Golden Sun,Golden Sun,jrpg,traditional_turn_based,high,high,medium,high,high,medium,low,medium,"A classic GBA JRPG known for elemental puzzles, worldbuilding, and a steady long-form adventure tone."
golden_sun_the_lost_age,Golden Sun: The Lost Age,Golden Sun,jrpg,traditional_turn_based,high,high,medium,high,high,medium,low,medium,A broader sequel to Golden Sun with more world traversal and payoff for the first game's setup.
grapple_dog,Grapple Dog,Grapple Dog,platformer,precision_grappling_platformer,low,medium,high,medium,low,medium,low,fast,A cheerful grappling platformer focused on movement challenge and lighthearted tone over emotional or narrative depth.
guacamelee,Guacamelee!,Guacamelee!,metroidvania,brawler_metroidvania,medium,high,high,high,medium,high,low,fast,"A vibrant metroidvania with strong movement, combo-driven combat, and excellent pacing."
guacamelee_2,Guacamelee! 2,Guacamelee!,metroidvania,brawler_metroidvania,medium,high,high,high,medium,high,low,fast,A larger sequel with similarly strong movement and progression.
hades,Hades,Hades,action_roguelite,fast_action_roguelite,high,high,high,high,high,high,medium,fast,"A highly polished action roguelite with strong progression, excellent feel, and unusually effective character momentum."
half_minute_hero,Half-Minute Hero,Half-Minute Hero,action_rpg,compressed_action_rpg,medium,high,high,high,medium,medium,low,fast,"A very unusual PSP game built around speed, humor, and compact progression loops."
heavy_rain,Heavy Rain,Quantic Dream,interactive_drama,choice_driven_qte_adventure,high,high,high,medium,high,low,low,medium,"A tense interactive thriller with major branching decisions, emotional stakes, and heavy QTE-driven scenes."
hi_fi_rush,Hi-Fi Rush,Hi-Fi Rush,action_adventure,rhythm_action,medium,high,high,high,medium,high,low,fast,"A stylish rhythm action game with strong presentation and momentum, but it still depends on connecting with its playful tone and beat-driven loop."
hollow_knight,Hollow Knight,Hollow Knight,metroidvania,precision_action_metroidvania,high,medium,medium,high,high,high,low,medium,"A challenging, atmospheric metroidvania with rich exploration, mastery-heavy combat, and broad map progression."
hotel_dusk_room_215,Hotel Dusk: Room 215,Hotel Dusk,adventure,dialogue_investigation_adventure,high,medium,medium,high,high,low,low,slow,"A slow-burn narrative mystery built around conversation, atmosphere, and grounded intrigue."
ico,ICO,Team Ico,adventure_puzzle,escort_puzzle_action,high,low,low,high,high,low,low,slow,"Minimalist companion adventure with sparse combat, deliberate pacing, and a very strong emotional ending."
infinite_undiscovery,Infinite Undiscovery,Infinite Undiscovery,action_jrpg,real_time_party_action,medium,medium,medium,medium,medium,medium,medium,medium,An uneven but ambitious action JRPG with real-time party systems and a more divisive execution.
injustice_2,Injustice 2,,,,,,,,,,,,Imported from GG App export on 2026-04-08. Metadata pending enrichment. Source: https://ggapp.io/games/rz5O93/injustice-2.
injustice_gods_among_us,Injustice: Gods Among Us,,,,,,,,,,,,Imported from GG App export on 2026-04-08. Metadata pending enrichment. Source: https://ggapp.io/games/Fl0Gis/injustice-gods-among-us.
inscryption,Inscryption,Inscryption,card_horror_adventure,deckbuilding_meta_horror,high,medium,high,high,high,medium,medium,fast,"A meta-horror card game with strong atmosphere, twists, and unusual structural shifts."
into_the_breach,Into the Breach,Into the Breach,tactical_strategy,turn_based_grid_tactics,low,high,high,low,low,high,high,fast,A pure systems tactical game built around elegant puzzle battles rather than cast or story payoff.
jeanne_darc,Jeanne d'Arc,Jeanne d'Arc,tactical_rpg,turn_based_grid_tactics,medium,high,high,high,medium,high,low,fast,A well-liked PSP tactical RPG with strong pacing and approachable campaign flow.
john_wick_hex,John Wick Hex,John Wick,tactical_strategy,timeline_tactics,low,medium,medium,medium,low,medium,medium,medium,A timeline-based strategy adaptation of John Wick that emphasizes planning and abstraction more than visceral action spectacle.
katana_zero,Katana ZERO,,,,,,,,,,,,Imported from GG App export on 2026-04-08. Metadata pending enrichment. Source: https://ggapp.io/games/TRmbgU/katana-zero.
kid_icarus_uprising,Kid Icarus: Uprising,Kid Icarus,action_adventure,rail_shooter_action,medium,high,high,high,medium,medium,low,fast,"A highly energetic action game with humor, spectacle, and handheld intensity."
kingdom_hearts,Kingdom Hearts,Kingdom Hearts,action_jrpg,real_time_action_rpg,medium,medium,medium,high,medium,medium,low,medium,"A crossover action RPG with strong atmosphere, Disney charm, and simpler early-series combat."
kingdom_hearts_ii,Kingdom Hearts II,Kingdom Hearts,action_jrpg,real_time_action_rpg,medium,high,low,high,medium,high,low,medium,"Fast, stylish action RPG with stronger combat and cleaner progression than the first game, though its opening is famously long."
kingdom_hearts_iii,Kingdom Hearts III,Kingdom Hearts,action_jrpg,real_time_action_rpg,medium,high,medium,high,medium,high,low,medium,"A large-scale action RPG finale with flashy combat, strong series spectacle, and a bigger focus on presentation and payoff than on strict structural challenge."
kingdom_hearts_358_2_days,Kingdom Hearts: 358/2 Days,,,,,,,,,,,,Imported from GG App export on 2026-04-08. Metadata pending enrichment. Source: https://ggapp.io/games/f8LetN/kingdom-hearts-358-2-days.
kingdom_hearts_birth_by_sleep,Kingdom Hearts: Birth by Sleep,,,,,,,,,,,,Imported from GG App export on 2026-04-08. Metadata pending enrichment. Source: https://ggapp.io/games/i0wXVM/kingdom-hearts-birth-by-sleep.
kingdom_hearts_chain_of_memories,Kingdom Hearts: Chain of Memories,Kingdom Hearts,card_rpg,card_based_action_hybrid,medium,medium,medium,medium,medium,medium,high,medium,Story-relevant but mechanically divisive card-based entry often criticized for repetition.
kingdom_hearts_melody_of_memory,Kingdom Hearts: Melody of Memory,,,,,,,,,,,,Imported from GG App export on 2026-04-08. Metadata pending enrichment. Source: https://ggapp.io/games/Afl6UI/kingdom-hearts-melody-of-memory.
kirby_and_the_amazing_mirror,Kirby & The Amazing Mirror,,,,,,,,,,,,Imported from GG App export on 2026-04-08. Metadata pending enrichment. Source: https://ggapp.io/games/P5VuJU/kirby-the-amazing-mirror.
kirby_star_allies,Kirby Star Allies,Kirby,platformer,light_action_platforming,low,high,high,high,low,low,low,fast,"A cheerful platformer with easy readability, steady forward momentum, and low-friction progression."
kirby_triple_deluxe,Kirby: Triple Deluxe,,,,,,,,,,,,Imported from GG App export on 2026-04-08. Metadata pending enrichment. Source: https://ggapp.io/games/SXN4aE/kirby-triple-deluxe.
la_noire,L.A. Noire,Standalone,detective_adventure,investigative_third_person,high,high,medium,high,medium,low,low,medium,"A case-driven detective game with strong period atmosphere, clue gathering, and interrogation-focused progression."
lies_of_p,Lies of P,Lies of P,action_rpg,soulslike_action_rpg,medium,medium,medium,high,medium,high,low,medium,"A polished soulslike with strong atmosphere and weapon systems, but sustained difficulty and repetition risk."
lightning_returns_final_fantasy_xiii,Lightning Returns: Final Fantasy XIII,Final Fantasy,action_rpg,solo_action_rpg,medium,high,high,high,medium,medium,medium,fast,"A more experimental action RPG finale focused on solo combat, build choices, and strong style."
like_a_dragon_infinite_wealth,Like a Dragon: Infinite Wealth,Like a Dragon,jrpg,turn_based_jobs_rpg,high,high,high,high,high,high,medium,medium,"A larger and more emotionally charged sequel with stronger combat systems and party dynamics, but best played after Yakuza: Like a Dragon."
live_a_live,LIVE A LIVE,Live A Live,jrpg,turn_based_chapter_rpg,medium,medium,high,high,medium,medium,low,fast,A chapter-based remake with strong stylistic variety and a highly unusual structure rather than one cohesive cast journey.
lost_judgment,Lost Judgment,Judgment,action_adventure,brawler_detective_drama,high,high,high,high,high,high,medium,fast,"A detective drama with strong pacing, emotional stakes, brawler combat, and optional side content."
lost_odyssey,Lost Odyssey,Lost Odyssey,jrpg,traditional_turn_based,high,high,medium,high,high,medium,low,medium,"A story-heavy Xbox JRPG with strong emotional arcs, classic structure, and a famously substantial late-game payoff."
luigis_mansion_3,Luigi's Mansion 3,Luigi's Mansion,action_adventure,puzzle_exploration,medium,medium,medium,high,medium,medium,low,medium,"A polished exploration-puzzle adventure with strong presentation and charm, but a slower room-clearing rhythm than action-forward games."
lunar_silver_star_harmony,Lunar: Silver Star Harmony,Lunar,jrpg,traditional_turn_based,high,high,medium,high,high,medium,low,medium,A classic-feeling story-forward JRPG with strong charm and romance-driven momentum.
mario_and_luigi_bowsers_inside_story,Mario & Luigi: Bowser's Inside Story,Mario & Luigi,jrpg,turn_based_timed_hits,medium,high,high,high,medium,medium,low,fast,"A very well-liked handheld RPG with inventive structure, strong humor, and excellent mechanical pacing."
mario_and_luigi_superstar_saga,Mario & Luigi: Superstar Saga,Mario & Luigi,jrpg,turn_based_timed_hits,medium,high,high,high,medium,medium,low,fast,"A comedic handheld RPG with responsive command timing, bright pacing, and puzzle-light exploration."
mario_and_yoshi,Mario & Yoshi,Mario,puzzle_game,falling_block_sorting,low,high,high,low,low,low,medium,fast,"A simple NES-era puzzle game with clear rules but very little narrative, atmosphere, or long-form progression."
mario_rabbids_kingdom_battle,Mario + Rabbids Kingdom Battle,Mario + Rabbids,tactical_rpg,turn_based_grid_tactics,medium,high,high,high,medium,high,low,fast,"A tightly paced tactical RPG with clear progression, strong combat readability, and playful Mario-Rabbids personality."
mario_rabbids_kingdom_battle_donkey_kong_adventure,Mario + Rabbids Kingdom Battle: Donkey Kong Adventure,,,,,,,,,,,,Imported from GG App export on 2026-04-08. Metadata pending enrichment. Source: https://ggapp.io/games/TgMGuq/mario-rabbids-kingdom-battle-donkey-kong-adventure.
mario_rabbids_sparks_of_hope,Mario + Rabbids Sparks of Hope,Mario + Rabbids,tactical_rpg,free_movement_tactics,medium,medium,medium,high,medium,medium,medium,medium,"A more open and systems-expanded sequel that many critics saw as mechanically richer, but some players found less focused than the first."
mario_strikers_battle_league,Mario Strikers: Battle League,,,,,,,,,,,,Imported from GG App export on 2026-04-08. Metadata pending enrichment. Source: https://ggapp.io/games/8yFr0E/mario-strikers-battle-league.
marvel_ultimate_alliance_3,Marvel Ultimate Alliance 3: The Black Order,Marvel Ultimate Alliance,action_rpg,isometric_brawler_rpg,low,medium,high,medium,low,medium,high,fast,"A broad roster-driven Marvel brawler with cooperative emphasis, simple loop structure, and progression often criticized as grindy or repetitive."
marvels_guardians_of_the_galaxy,Marvel's Guardians of the Galaxy,Guardians of the Galaxy,action_adventure,third_person_party_action,high,high,high,high,high,medium,low,fast,"A focused character-driven campaign with strong banter, emotional group dynamics, and clear forward momentum."
marvels_spider_man,Marvel's Spider-Man,Marvel's Spider-Man,action_adventure,open_zone_action_adventure,high,high,high,high,medium,high,low,fast,"A polished superhero campaign with strong traversal, clear story momentum, and optional content that can largely be ignored."
mass_effect,Mass Effect,Mass Effect,action_rpg,cover_shooter_squad_rpg,high,medium,medium,high,high,medium,low,medium,"A space opera RPG built around squad relationships, worldbuilding, choices, and a slower but rich trilogy foundation."
mass_effect_2,Mass Effect 2,Mass Effect,action_rpg,cover_shooter_squad_rpg,high,high,high,high,high,high,low,fast,"A sharper sequel with stronger pacing, loyalty arcs, and one of the most beloved ensemble structures in RPGs."
mass_effect_3,Mass Effect 3,Mass Effect,action_rpg,cover_shooter_squad_rpg,high,high,high,high,high,high,low,fast,"A dramatic trilogy payoff with stronger combat feel and heavy emotional closure, despite controversial ending discourse."
max_payne_3,Max Payne 3,Max Payne,third_person_shooter,third_person_shooter,high,high,high,high,high,high,low,fast,"A focused cinematic shooter with strong pacing, stylish presentation, and clear story drive."
metal_gear_rising_revengeance,Metal Gear Rising: Revengeance,Metal Gear,stylish_action,character_action,medium,high,high,high,medium,high,low,fast,"A fast, exaggerated action game with strong momentum, memorable boss fights, and a high-energy campaign."
metal_gear_solid,Metal Gear Solid,Metal Gear,stealth_action,stealth_action,high,high,high,high,high,medium,low,fast,"A landmark stealth-action game with excellent pacing, strong character drama, and memorable twists."
metal_gear_solid_2_sons_of_liberty,Metal Gear Solid 2: Sons of Liberty,,,,,,,,,,,,Imported from GG App export on 2026-04-08. Metadata pending enrichment. Source: https://ggapp.io/games/PNiDMC/metal-gear-solid-2-sons-of-liberty.
metal_gear_solid_3,Metal Gear Solid 3: Snake Eater,Metal Gear,stealth_action,stealth_action,high,high,high,high,high,medium,low,fast,"A beloved stealth-action campaign with strong emotional stakes, survival flavor, and major narrative payoff."
metal_gear_solid_4,Metal Gear Solid 4: Guns of the Patriots,Metal Gear,stealth_action,stealth_action,high,medium,medium,high,high,medium,low,medium,A payoff-heavy finale to the Metal Gear saga with long cutscenes and strong emotional closure.
metaphor_refantazio,Metaphor: ReFantazio,Metaphor,jrpg,turn_based_real_time_hybrid,high,high,medium,high,high,high,medium,medium,"A fantasy JRPG about bonds, class-building, and political stakes with strong style and a broad emotional arc."
metroid_dread,Metroid Dread,Metroid,metroidvania,precision_action_metroidvania,medium,high,high,high,medium,high,low,fast,"A tense, highly polished metroidvania with strong boss fights, movement feel, and clear forward pressure."
metroid_fusion,Metroid Fusion,Metroid,metroidvania,action_platforming_metroidvania,medium,high,high,high,medium,high,low,fast,"A focused and more directed Metroid with excellent pacing, strong tension, and satisfying ability progression."
metroid_prime,Metroid Prime,,,,,,,,,,,,Imported from GG App export on 2026-04-08. Metadata pending enrichment. Source: https://ggapp.io/games/UoMqVt/metroid-prime.
metroid_prime_remastered,Metroid Prime Remastered,,,,,,,,,,,,Imported from GG App export on 2026-04-08. Metadata pending enrichment. Source: https://ggapp.io/games/iz6Kmd/metroid-prime-remastered.
metroid_zero_mission,Metroid: Zero Mission,,,,,,,,,,,,Imported from GG App export on 2026-04-08. Metadata pending enrichment. Source: https://ggapp.io/games/8LNOVZ/metroid-zero-mission.
mirrors_edge,Mirror's Edge,Mirror's Edge,first_person_platformer,parkour_movement,low,medium,medium,high,low,low,low,fast,"A first-person parkour game with strong movement fantasy, sparse story, and momentum-based traversal."
monark,Monark,Monark,jrpg,turn_based_grid_tactics,medium,medium,medium,high,medium,medium,medium,medium,"A dark school RPG with psychological themes and strong style, but a mixed reputation for pacing and repetition."
monster_hunter_freedom_unite,Monster Hunter Freedom Unite,Monster Hunter,action_rpg,boss_hunt_action,low,medium,medium,medium,low,high,high,slow,"A demanding, grind-heavy hunt game driven by repeated boss encounters and gear farming."
mortal_kombat_x,Mortal Kombat X,,,,,,,,,,,,Imported from GG App export on 2026-04-08. Metadata pending enrichment. Source: https://ggapp.io/games/Qjlx0U/mortal-kombat-x.
mortal_kombat_xl,Mortal Kombat XL,,,,,,,,,,,,Imported from GG App export on 2026-04-08. Metadata pending enrichment. Source: https://ggapp.io/games/mZcTge/mortal-kombat-xl.
need_for_speed_carbon,Need for Speed: Carbon,Need for Speed,arcade_racing,arcade_racing,medium,high,high,medium,low,medium,low,fast,"A stylish street racer with crew framing, good pace, and accessible campaign progression."
need_for_speed_most_wanted,Need for Speed: Most Wanted,,,,,,,,,,,,Imported from GG App export on 2026-04-08. Metadata pending enrichment. Source: https://ggapp.io/games/uJ1jvX/need-for-speed-most-wanted.
need_for_speed_prostreet,Need for Speed: ProStreet,Need for Speed,arcade_racing,arcade_racing,low,high,high,medium,low,medium,low,fast,A progression-forward street racing game with event structure and car-focused advancement.
need_for_speed_the_run,Need for Speed: The Run,Need for Speed,arcade_racing,arcade_racing,medium,high,high,medium,low,medium,low,fast,A story-framed arcade racer with clear progression and strong one-more-race momentum.
need_for_speed_underground,Need for Speed: Underground,,,,,,,,,,,,Imported from GG App export on 2026-04-08. Metadata pending enrichment. Source: https://ggapp.io/games/tHvwu7/need-for-speed-underground.
need_for_speedtm,Need for Speed™,,,,,,,,,,,,Imported from GG App export on 2026-04-08. Metadata pending enrichment. Source: https://ggapp.io/games/nVGGXk/need-for-speed-tm.
need_for_speedtm_most_wanted,Need for Speed™ Most Wanted,,,,,,,,,,,,Imported from GG App export on 2026-04-08. Metadata pending enrichment. Source: https://ggapp.io/games/Ed0a74/need-for-speed-tm-most-wanted.
need_for_speedtm_payback,Need for Speed™ Payback,,,,,,,,,,,,Imported from GG App export on 2026-04-08. Metadata pending enrichment. Source: https://ggapp.io/games/KfYTDX/need-for-speed-tm-payback.
neo_the_world_ends_with_you,NEO: The World Ends with You,The World Ends With You,action_jrpg,party_action_combo,high,high,high,high,high,high,low,fast,"A modern Shibuya action JRPG with stylish multi-character combat, strong audiovisual identity, and an easier onboarding than the original."
new_pokemon_snap,New Pokémon Snap,,,,,,,,,,,,Imported from GG App export on 2026-04-08. Metadata pending enrichment. Source: https://ggapp.io/games/x23KB7/new-pokemon-snap.
new_super_mario_bros,New Super Mario Bros.,,,,,,,,,,,,Imported from GG App export on 2026-04-08. Metadata pending enrichment. Source: https://ggapp.io/games/JuoUtK/new-super-mario-bros.
ni_no_kuni_ii_revenant_kingdom,Ni no Kuni II: Revenant Kingdom,Ni no Kuni,action_jrpg,real_time_action_rpg,medium,high,high,high,medium,medium,medium,fast,"A brighter action RPG sequel with kingdom building, smooth progression, and broad accessibility, though with less emotional weight than the first."
ni_no_kuni_wrath_of_the_white_witch,Ni no Kuni: Wrath of the White Witch,Ni no Kuni,jrpg,real_time_familiar_command_hybrid,high,high,medium,high,high,medium,medium,medium,"A whimsical but emotional JRPG with strong worldbuilding, progression variety, creature systems, and major story turns."
nier_automata,NieR: Automata,NieR,action_rpg,character_action_hybrid,high,medium,low,high,high,high,low,medium,"Early onboarding can feel opaque, but the narrative payoff is very high."
no_more_heroes,No More Heroes,No More Heroes,action_adventure,hack_and_slash_open_hub,medium,medium,high,high,medium,medium,medium,medium,"A stylish cult action game with satirical tone, boss highlights, and deliberately awkward side-job or open-hub structure."
no_more_heroes_2_desperate_struggle,No More Heroes 2: Desperate Struggle,,,,,,,,,,,,Imported from GG App export on 2026-04-08. Metadata pending enrichment. Source: https://ggapp.io/games/K08BDZ/no-more-heroes-2-desperate-struggle.
not_a_hero,Not a Hero,Not a Hero,action_platformer,cover_shooter_platforming,low,high,high,medium,low,medium,low,fast,"A brisk, irreverent action-platformer with strong momentum and a compact loop."
octopath_traveler_ii,OCTOPATH TRAVELER II,Octopath Traveler,jrpg,turn_based_break_boost,medium,high,medium,high,medium,high,low,medium,"A beautifully presented HD-2D JRPG with flexible builds and strong combat, though its story structure is more segmented than party-driven."
ori_and_the_blind_forest,Ori and the Blind Forest,Ori,metroidvania,precision_platforming_action,medium,medium,high,high,high,medium,low,fast,Emotionally driven metroidvania with strong audiovisual identity and tight movement.
ori_and_the_will_of_the_wisps,Ori and the Will of the Wisps,Ori,metroidvania,precision_platforming_action,medium,medium,high,high,high,high,low,fast,A broader sequel with refined combat and similarly strong emotional presentation.
paper_mario,Paper Mario,,,,,,,,,,,,Imported from GG App export on 2026-04-08. Metadata pending enrichment. Source: https://ggapp.io/games/5jbqx3/paper-mario.
paper_mario_the_origami_king,Paper Mario: The Origami King,,,,,,,,,,,,Imported from GG App export on 2026-04-08. Metadata pending enrichment. Source: https://ggapp.io/games/HtqMAz/paper-mario-the-origami-king.
paper_mario_the_thousand_year_door,Paper Mario: The Thousand-Year Door,Paper Mario,jrpg,turn_based_timed_hits,high,high,medium,high,medium,medium,low,medium,"A beloved comedic RPG with strong charm and pacing, but also lots of dialogue, backtracking, and a lighter emotional tone than darker JRPGs."
parasite_eve,Parasite Eve,Parasite Eve,action_rpg,active_time_horror_rpg,high,high,high,high,high,medium,low,fast,"A focused PS1 horror-RPG hybrid with strong momentum, atmosphere, and a memorable protagonist."
pentiment,Pentiment,Pentiment,narrative_adventure,dialogue_choice_adventure,high,high,medium,high,high,low,low,medium,"A dialogue-heavy historical mystery with very strong concept, writing, and payoff rather than action."
persona_3_portable,Persona 3 Portable,Persona,jrpg,turn_based_social_rpg,high,medium,medium,high,high,high,medium,medium,"A handheld Persona with strong mood, social links, and emotional payoff, but a slower structure."
persona_3_reload,Persona 3 Reload,Persona,jrpg,turn_based_social_rpg,high,medium,medium,high,high,high,medium,medium,"A modern remake of Persona 3 with strong atmosphere, social links, emotional payoff, and a slower early structure than more immediately punchy RPGs."
persona_5_royal,Persona 5 Royal,Persona,jrpg,turn_based_social_rpg,high,high,medium,high,high,high,medium,medium,"A highly stylized JRPG centered on party bonds, social choices, dungeon infiltration, and major emotional turns."
pikmin,Pikmin,Pikmin,strategy_adventure,real_time_squad_strategy,medium,high,high,high,medium,medium,low,fast,"A focused time-and-resource strategy adventure built around planning, routing, and efficient execution."
pikmin_2,Pikmin 2,Pikmin,strategy_adventure,real_time_squad_strategy,medium,high,high,high,medium,medium,medium,fast,"A broader sequel with cave content and more postgame depth, keeping the series' planning and execution loop."
pikmin_3,Pikmin 3,Pikmin,strategy_adventure,real_time_squad_strategy,medium,high,high,high,medium,medium,low,fast,"A streamlined, approachable Pikmin with strong pacing and polished mission structure."
pikmin_3_deluxe,Pikmin 3 Deluxe,,,,,,,,,,,,Imported from GG App export on 2026-04-08. Metadata pending enrichment. Source: https://ggapp.io/games/rrmnlh/pikmin-3-deluxe.
pikmin_4,Pikmin 4,Pikmin,strategy_adventure,real_time_squad_strategy,medium,high,high,high,medium,medium,medium,fast,"A content-rich Pikmin built around exploration, efficient tasking, and substantial optional/postgame material."
pokemon_black_white,Pokemon Black and White,Pokemon,jrpg,turn_based_monster_battle,medium,high,high,medium,medium,medium,medium,medium,A polished Pokemon generation with stronger story emphasis than most entries in the series.
pokemon_legends_arceus,Pokemon Legends: Arceus,Pokemon,monster_collecting_action_rpg,creature_collection_and_action_catching,medium,high,high,medium,low,medium,medium,medium,"A progression-forward Pokemon experiment centered on exploration, research tasks, and satisfying catching loops."
portal,Portal,Portal,puzzle_platformer,first_person_puzzle,medium,high,high,medium,medium,low,low,fast,Compact first-person puzzle game with strong mechanical clarity and dry humor.
portal_2,Portal 2,Portal,puzzle_platformer,first_person_puzzle,high,high,high,high,medium,low,low,fast,"Puzzle sequel with stronger writing, better pacing, and much more memorable character humor."
prey_2017,Prey,Prey,immersive_sim,immersive_sim_shooter,high,low,medium,high,high,high,low,slow,"A brilliant immersive sim with strong atmosphere and systems, but very self-directed progression and slower momentum."
prince_of_persia_the_forgotten_sands,Prince of Persia: The Forgotten Sands,Prince of Persia,action_adventure,acrobatic_melee_platforming,medium,high,high,high,low,medium,low,fast,"A brisk action-platformer built around traversal flow, powers, and clean campaign pacing."
prince_of_persia_the_sands_of_time,Prince of Persia: The Sands of Time,Prince of Persia,action_adventure,acrobatic_melee_platforming,high,high,medium,high,medium,medium,low,medium,"A classic action adventure with elegant platforming, time powers, and a strong storybook atmosphere."
prince_of_persia_the_two_thrones,Prince of Persia: The Two Thrones,Prince of Persia,action_adventure,acrobatic_melee_platforming,medium,high,high,high,medium,medium,low,fast,"A forward-driven action adventure with strong platforming, combat, and setpiece momentum."
prince_of_persia_warrior_within,Prince of Persia: Warrior Within,Prince of Persia,action_adventure,acrobatic_melee_platforming,medium,high,medium,high,medium,high,low,fast,"A darker, harder-edged Prince of Persia with heavier combat and the same traversal-driven structure."
professor_layton_and_the_curious_village,Professor Layton and the Curious Village,Professor Layton,puzzle_adventure,puzzle_story_adventure,medium,medium,medium,high,medium,low,medium,medium,"A puzzle-heavy narrative adventure with charm and mystery, but progress depends on sustained puzzle buy-in."
professor_layton_vs_phoenix_wright,Professor Layton vs. Phoenix Wright,Professor Layton,puzzle_adventure,puzzle_trial_adventure,high,medium,medium,high,high,low,medium,medium,"A crossover adventure balancing puzzles, trials, and a mystery-heavy narrative."
psychonauts_2,Psychonauts 2,,,,,,,,,,,,Imported from GG App export on 2026-04-08. Metadata pending enrichment. Source: https://ggapp.io/games/gb3rL6/psychonauts-2.
radiant_historia,Radiant Historia,Radiant Historia,jrpg,turn_based_timeline_rpg,high,high,medium,high,high,medium,low,medium,"A story-driven RPG built around branching timelines, political intrigue, and strong narrative momentum."
radiant_historia_perfect_chronology,Radiant Historia: Perfect Chronology,Radiant Historia,jrpg,turn_based_timeline_rpg,high,high,medium,high,high,medium,low,medium,An enhanced 3DS version of Radiant Historia with the same strong branching-story appeal.
ratchet_and_clank_rift_apart,Ratchet & Clank: Rift Apart,,,,,,,,,,,,Imported from GG App export on 2026-04-08. Metadata pending enrichment. Source: https://ggapp.io/games/1umARl/ratchet-clank-rift-apart.
red_dead_redemption,Red Dead Redemption,Red Dead Redemption,action_adventure,open_world_action_adventure,high,high,high,high,high,medium,low,fast,A western open-world game with strong main-story momentum and a memorable protagonist arc.
red_dead_redemption_2,Red Dead Redemption 2,Red Dead Redemption,action_adventure,open_world_action_adventure,high,medium,medium,high,high,medium,low,slow,"A highly detailed open-world western with excellent story and atmosphere, but a much slower and more deliberate pace."
resident_evil,Resident Evil,,,,,,,,,,,,Imported from GG App export on 2026-04-08. Metadata pending enrichment. Source: https://ggapp.io/games/YMVOoY/resident-evil. Duplicate title in GG export (2 entries); manual metadata review recommended.
resident_evil_rw4xcl,Resident Evil,,,,,,,,,,,,Imported from GG App export on 2026-04-08. Metadata pending enrichment. Source: https://ggapp.io/games/RW4xcL/resident-evil. Duplicate title in GG export (2 entries); manual metadata review recommended.
resident_evil_2,Resident Evil 2,,,,,,,,,,,,Imported from GG App export on 2026-04-08. Metadata pending enrichment. Source: https://ggapp.io/games/xeUyNn/resident-evil-2.
resident_evil_3,Resident Evil 3,,,,,,,,,,,,Imported from GG App export on 2026-04-08. Metadata pending enrichment. Source: https://ggapp.io/games/GhlKVa/resident-evil-3.
resident_evil_4,Resident Evil 4,Resident Evil,action_horror,third_person_action_horror,high,high,high,high,medium,high,low,fast,"A landmark action-horror game built around combat rhythm, resource pressure, strong pacing, and memorable setpieces."
resident_evil_4_remake,Resident Evil 4,Resident Evil,action_horror,third_person_action_horror,high,high,high,high,medium,high,low,fast,"A modernized remake with strong combat feel, pacing, and scenario variety, plus separate Ada content."
resident_evil_5,Resident Evil 5,Resident Evil,action_horror,third_person_action_horror,medium,high,high,medium,medium,high,low,fast,A more action-heavy Resident Evil with strong co-op rhythm and forward drive.
resident_evil_6,Resident Evil 6,Resident Evil,action_horror,third_person_action_horror,medium,high,high,medium,medium,high,medium,fast,A maximalist action-heavy Resident Evil with mixed reception and a very varied campaign structure.
resident_evil_7,Resident Evil 7: Biohazard,Resident Evil,survival_horror,first_person_survival_horror,high,high,high,high,high,medium,low,fast,"A focused horror revival for Resident Evil with strong atmosphere, clear forward drive, and memorable family horror."
resident_evil_village,Resident Evil Village,Resident Evil,action_horror,first_person_action_horror,medium,high,high,high,medium,high,low,fast,"A strong momentum-driven horror action game with varied scenarios, atmospheric setpieces, and accessible forward drive."
resident_evil_hd_remaster,Resident Evil: HD Remaster,,,,,,,,,,,,Imported from GG App export on 2026-04-08. Metadata pending enrichment. Source: https://ggapp.io/games/grbuHV/resident-evil-hd-remaster.
resonance_of_fate,Resonance of Fate,Resonance of Fate,jrpg,turn_based_gun_combo,medium,low,low,high,medium,high,medium,slow,A stylish but mechanically demanding JRPG with unusual combat and a less direct story pull.
return_of_the_obra_dinn,Return of the Obra Dinn,Obra Dinn,investigation_puzzle,logic_deduction_investigation,high,low,medium,high,high,low,medium,slow,"A brilliant deduction game with strong atmosphere and mystery, but very little guided momentum."
ridge_racer_psp,Ridge Racer,Ridge Racer,arcade_racing,arcade_racing,low,high,high,medium,low,medium,low,fast,A highly replayable arcade racer with strong PSP-era progression and easy pick-up-and-play fun.
ridge_racer_2,Ridge Racer 2,Ridge Racer,arcade_racing,arcade_racing,low,high,high,medium,low,medium,low,fast,A richer arcade racing sequel with more tracks and strong replay value.
rumble_roses_xx,Rumble Roses XX,,,,,,,,,,,,Imported from GG App export on 2026-04-08. Metadata pending enrichment. Source: https://ggapp.io/games/z720RJ/rumble-roses-xx.
rune_factory_4_special,Rune Factory 4 Special,Rune Factory,life_sim_action_rpg,farming_and_action_rpg,medium,high,medium,high,medium,medium,medium,medium,"A beloved life-sim action RPG with lots of systems, relationships, and long-term progression."
salt_and_sanctuary,Salt and Sanctuary,Salt and Sanctuary,metroidvania,2d_soulslike,medium,medium,medium,high,medium,high,medium,medium,"A dark 2D soulslike with strong atmosphere, but notable friction and harshness."
sayonara_wild_hearts,Sayonara Wild Hearts,,,,,,,,,,,,Imported from GG App export on 2026-04-08. Metadata pending enrichment. Source: https://ggapp.io/games/k0XFfd/sayonara-wild-hearts.
scarlet_nexus,Scarlet Nexus,Scarlet Nexus,action_jrpg,stylish_action_rpg,medium,high,high,high,medium,high,low,fast,"A fast action JRPG with strong visual identity, bond episodes, and psychokinetic combat systems."
sekiro_shadows_die_twice,Sekiro: Shadows Die Twice,Sekiro,action_adventure,precision_parry_action,medium,medium,high,high,medium,high,low,fast,"A demanding action game focused on precision, rhythm, and mastery more than buildcraft or party progression."
senuas_saga_hellblade_ii,Senua's Saga: Hellblade II,Hellblade,action_adventure,cinematic_action_adventure,high,medium,high,high,high,low,low,medium,A visually striking and concept-heavy narrative action game with very strong atmosphere and lower mechanical depth.
shadow_of_the_colossus,Shadow of the Colossus,Team Ico,action_adventure,boss_climbing_action,high,medium,high,high,high,medium,low,medium,"Solitary boss-focused adventure built around awe, melancholy, and visual scale."
shin_megami_tensei_iv,Shin Megami Tensei IV,Shin Megami Tensei,jrpg,turn_based_press_turn,medium,medium,medium,high,medium,high,medium,medium,"A more story-present SMT with strong atmosphere and alignment themes, but still systems-forward and punishing."
shin_megami_tensei_iv_apocalypse,Shin Megami Tensei IV: Apocalypse,Shin Megami Tensei,jrpg,turn_based_press_turn,medium,medium,medium,high,medium,high,medium,medium,"A follow-up with a more overt cast dynamic than SMT IV, but still very systems-driven."
shin_megami_tensei_v,Shin Megami Tensei V,Shin Megami Tensei,jrpg,turn_based_press_turn,medium,medium,medium,high,medium,high,medium,medium,"A myth-heavy RPG with strong atmosphere, demon systems, and sparse storytelling, but a systems-forward, repetition-prone loop."
shovel_knight_dig,Shovel Knight Dig,,,,,,,,,,,,Imported from GG App export on 2026-04-08. Metadata pending enrichment. Source: https://ggapp.io/games/M80Hkc/shovel-knight-dig.
silent_hill,Silent Hill,Silent Hill,survival_horror,survival_horror,high,medium,medium,high,high,medium,low,medium,A foundational survival horror with oppressive atmosphere and strong psychological payoff.
silent_hill_2,Silent Hill 2,Silent Hill,survival_horror,survival_horror,high,medium,medium,high,high,medium,low,medium,A landmark psychological horror game with exceptionally strong atmosphere and emotional payoff.
slay_the_spire,Slay the Spire,Slay the Spire,roguelite_card_game,deckbuilding_strategy,low,high,high,low,low,high,high,fast,"A landmark deckbuilder with huge mechanical depth, but almost no story pull."
south_parktm_the_stick_of_truthtm,South Park™: The Stick of Truth™,,,,,,,,,,,,Imported from GG App export on 2026-04-08. Metadata pending enrichment. Source: https://ggapp.io/games/wzU3RP/south-park-tm-the-stick-of-truth-tm.
star_fox_adventures,Star Fox Adventures,,,,,,,,,,,,Imported from GG App export on 2026-04-08. Metadata pending enrichment. Source: https://ggapp.io/games/CxFICk/star-fox-adventures.
star_ocean_first_departure,Star Ocean: First Departure,Star Ocean,action_jrpg,action_battle_rpg,medium,medium,medium,high,medium,medium,medium,medium,"An action JRPG with strong sci-fi-fantasy premise, but a more uneven old-school rhythm."
star_wars_jedi_fallen_ordertm,STAR WARS Jedi: Fallen Order™,,,,,,,,,,,,Imported from GG App export on 2026-04-08. Metadata pending enrichment. Source: https://ggapp.io/games/lA87v1/star-wars-jedi-fallen-order-tm.
star_wars_jedi_survivor,Star Wars Jedi: Survivor,Star Wars,action_adventure,melee_action_adventure,high,high,high,high,medium,high,low,fast,"A cinematic action adventure with strong character momentum, story focus, and polished progression."
stranger_of_paradise_ff_origin,Stranger of Paradise: Final Fantasy Origin,Final Fantasy,action_rpg,soulslike_mission_action,medium,high,high,medium,medium,high,medium,fast,Gameplay-first FF spinoff with stronger combat than tone.
stray,Stray,Stray,adventure,exploration_adventure,medium,high,high,high,medium,low,low,fast,A compact concept-driven adventure with strong atmosphere and low-friction forward movement.
suikoden_ii,Suikoden II,Suikoden,jrpg,traditional_turn_based,high,high,medium,high,high,medium,low,medium,"A beloved political RPG with a strong emotional core, large cast, and excellent narrative payoff."
super_contra,Super Contra,,,,,,,,,,,,Imported from GG App export on 2026-04-08. Metadata pending enrichment. Source: https://ggapp.io/games/Pe7AiW/super-contra.
super_mario_3d_land,Super Mario 3D Land,Mario,platformer,3d_platforming,low,high,high,medium,low,medium,low,fast,A focused handheld 3D platformer with very clear level progression and smooth pacing.
super_mario_3d_world_bowser_s_fury,Super Mario 3D World + Bowser's Fury,,,,,,,,,,,,Imported from GG App export on 2026-04-08. Metadata pending enrichment. Source: https://ggapp.io/games/Whvy2F/super-mario-3d-world-bowsers-fury.
super_mario_bros,Super Mario Bros.,,,,,,,,,,,,Imported from GG App export on 2026-04-08. Metadata pending enrichment. Source: https://ggapp.io/games/vvNjgv/super-mario-bros.
super_mario_bros_3,Super Mario Bros. 3,,,,,,,,,,,,Imported from GG App export on 2026-04-08. Metadata pending enrichment. Source: https://ggapp.io/games/cPJZB9/super-mario-bros-3.
super_mario_rpg,Super Mario RPG,,,,,,,,,,,,Imported from GG App export on 2026-04-08. Metadata pending enrichment. Source: https://ggapp.io/games/ZY48UF/super-mario-rpg.
super_mario_world,Super Mario World,,,,,,,,,,,,Imported from GG App export on 2026-04-08. Metadata pending enrichment. Source: https://ggapp.io/games/4RJjAs/super-mario-world.
tactics_ogre_let_us_cling_together,Tactics Ogre: Let Us Cling Together,Tactics Ogre,tactical_rpg,turn_based_grid_tactics,high,high,medium,high,high,high,medium,slow,"A deep political tactics RPG with route splits, heavy systems, and significant narrative payoff."
tactics_ogre_reborn,Tactics Ogre: Reborn,,,,,,,,,,,,Imported from GG App export on 2026-04-08. Metadata pending enrichment. Source: https://ggapp.io/games/za1Jwe/tactics-ogre-reborn.
tails_noir,Tails Noir,,,,,,,,,,,,Imported from GG App export on 2026-04-08. Metadata pending enrichment. Source: https://ggapp.io/games/X94MKl/tails-noir.
tales_of_arise,Tales of Arise,Tales,action_jrpg,party_action_combo,medium,high,high,high,medium,medium,low,fast,Accessible action JRPG with clear progression and emotional hooks.
teenage_mutant_ninja_turtles_shredder_s_revenge,Teenage Mutant Ninja Turtles: Shredder's Revenge,,,,,,,,,,,,Imported from GG App export on 2026-04-08. Metadata pending enrichment. Source: https://ggapp.io/games/gDYc13/teenage-mutant-ninja-turtles-shredders-revenge.
tekken_5,Tekken 5,,,,,,,,,,,,Imported from GG App export on 2026-04-08. Metadata pending enrichment. Source: https://ggapp.io/games/8BgHig/tekken-5.
tekken_dark_resurrection,Tekken: Dark Resurrection,Tekken,fighting_game,arcade_3d_fighting,low,medium,high,medium,low,high,low,fast,"A feature-rich PSP fighting game remembered for strong content density, replayability, and a highly entertaining core combat loop."
the_3rd_birthday,The 3rd Birthday,Parasite Eve,action_rpg,third_person_action,medium,medium,high,medium,medium,medium,medium,fast,"A divisive PSP action spinoff with stylish ideas, but mixed narrative and mechanical reception."
the_banner_saga,The Banner Saga,,,,,,,,,,,,Imported from GG App export on 2026-04-08. Metadata pending enrichment. Source: https://ggapp.io/games/COEcWj/the-banner-saga.
the_banner_saga_2,The Banner Saga 2,,,,,,,,,,,,Imported from GG App export on 2026-04-08. Metadata pending enrichment. Source: https://ggapp.io/games/IKYawu/the-banner-saga-2.
the_banner_saga_3,The Banner Saga 3,,,,,,,,,,,,Imported from GG App export on 2026-04-08. Metadata pending enrichment. Source: https://ggapp.io/games/iYA7CC/the-banner-saga-3.
the_banner_saga_trilogy,The Banner Saga Trilogy,The Banner Saga,tactical_rpg,turn_based_tactics_caravan,high,high,medium,high,high,medium,medium,medium,"A tragic caravan saga with strong writing, consequential choices, and a slow-burn but powerful emotional payoff."
the_caligula_effect_2,The Caligula Effect 2,The Caligula Effect,jrpg,turn_based_timeline_combo,medium,medium,medium,high,medium,medium,medium,medium,"A stylish school-themed JRPG with strong music identity and social themes, but mixed pacing and execution."
the_evil_within,The Evil Within,The Evil Within,survival_horror,third_person_survival_horror,medium,medium,medium,high,high,medium,medium,medium,"A grim horror action game with strong atmosphere, but rougher pacing and more uneven structure."
the_evil_within_2,The Evil Within 2,The Evil Within,survival_horror,third_person_survival_horror,medium,medium,medium,high,high,medium,medium,medium,A more open and smoother sequel with stronger emotional focus but more exploratory drift.
the_forgotten_city,The Forgotten City,,,,,,,,,,,,Imported from GG App export on 2026-04-08. Metadata pending enrichment. Source: https://ggapp.io/games/VaO8rz/the-forgotten-city.
the_last_of_us,The Last of Us,,,,,,,,,,,,Imported from GG App export on 2026-04-08. Metadata pending enrichment. Source: https://ggapp.io/games/WwTJB0/the-last-of-us.
the_last_of_us_part_i,The Last of Us Part I,The Last of Us,action_adventure,stealth_action_adventure,high,high,high,high,high,medium,low,fast,A tightly paced narrative action game with strong emotional stakes and excellent campaign momentum.
the_last_of_us_part_ii,The Last of Us Part II,The Last of Us,action_adventure,stealth_action_adventure,high,high,high,high,high,high,low,fast,A darker and more mechanically expanded sequel with very strong emotional and narrative payoff.
the_last_of_us_remastered,The Last of Us Remastered,,,,,,,,,,,,Imported from GG App export on 2026-04-08. Metadata pending enrichment. Source: https://ggapp.io/games/gsfseb/the-last-of-us-remastered.
the_last_story,The Last Story,The Last Story,action_jrpg,real_time_party_action,high,high,high,high,high,medium,low,fast,"A party-driven action RPG with strong momentum, character bonds, and a focused emotional campaign."
the_legend_of_zelda_a_link_between_worlds,The Legend of Zelda: A Link Between Worlds,The Legend of Zelda,action_adventure,top_down_action_puzzle,medium,high,high,high,medium,medium,low,fast,A tightly designed Zelda with faster flow and more immediate structure than many puzzle-heavier entries.
the_legend_of_zelda_breath_of_the_wild,The Legend of Zelda: Breath of the Wild,The Legend of Zelda,open_world_action_adventure,systemic_open_world_exploration,medium,low,medium,high,medium,medium,low,medium,"A highly open-ended Zelda built around self-directed exploration, systemic problem solving, and long-form sandbox freedom."
the_legend_of_zelda_links_awakening,The Legend of Zelda: Link's Awakening,The Legend of Zelda,action_adventure,top_down_action_puzzle,medium,medium,high,high,medium,medium,low,medium,"A charming remake of a classic Zelda with puzzle-gated progression, compact exploration, and a dreamlike tone."
the_legend_of_zelda_tears_of_the_kingdom,The Legend of Zelda: Tears of the Kingdom,The Legend of Zelda,open_world_action_adventure,systemic_open_world_exploration,medium,low,medium,high,medium,medium,low,medium,A larger and even more sandbox-heavy follow-up to Breath of the Wild with deeper construction systems and similar self-directed pacing.
the_legend_of_zelda_the_minish_cap,The Legend of Zelda: The Minish Cap,The Legend of Zelda,action_adventure,top_down_action_puzzle,medium,medium,high,high,medium,medium,low,medium,A charming portable Zelda with strong presentation and puzzle-forward progression.
the_messenger,The Messenger,The Messenger,platformer,action_platformer_metroidvania_shift,medium,high,high,high,medium,high,low,fast,"A stylish action platformer that later shifts into metroidvania structure, with strong pacing and humor."
the_quarry,The Quarry,The Dark Pictures,interactive_drama,choice_driven_horror_adventure,high,high,high,high,medium,low,low,fast,"A teen-horror branching narrative game built around player decisions, character survival, and cinematic pacing."
the_world_ends_with_you,The World Ends With You,The World Ends With You,action_jrpg,dual_screen_action_hybrid,high,high,medium,high,high,high,low,fast,"Stylized urban JRPG with strong character growth, unusual combat, and a very distinctive audiovisual identity."
tokyo_mirage_sessions_fe_encore,Tokyo Mirage Sessions #FE Encore,Tokyo Mirage Sessions,jrpg,turn_based_session_combo,medium,high,medium,high,medium,high,low,fast,A colorful idol-themed RPG with strong turn-based systems and lighter stakes than darker Atlus games.
tom_clancy_s_ghost_recon_wildlands,Tom Clancy's Ghost Recon® Wildlands,,,,,,,,,,,,Imported from GG App export on 2026-04-08. Metadata pending enrichment. Source: https://ggapp.io/games/DyEtYa/tom-clancys-ghost-recon-r-wildlands.
tomb_raider,Tomb Raider,,,,,,,,,,,,Imported from GG App export on 2026-04-08. Metadata pending enrichment. Source: https://ggapp.io/games/0nz4uJ/tomb-raider.
tormented_souls,Tormented Souls,Tormented Souls,survival_horror,fixed_camera_survival_horror,medium,medium,medium,high,medium,medium,medium,slow,A classic-style survival horror homage with more puzzle friction and old-school structure.
xenoblade_chronicles_2_torna,Torna ~ The Golden Country,Xenoblade,action_jrpg,real_time_party_action,high,high,high,high,high,high,low,fast,A more focused Xenoblade side-story with stronger pacing and concentrated emotional payoff.
transistor,Transistor,Supergiant,action_rpg,hybrid_real_time_planning,high,high,medium,high,high,high,low,medium,"A stylish action-strategy hybrid with strong atmosphere, buildcraft, and emotional tone."
triangle_strategy,TRIANGLE STRATEGY,Triangle Strategy,tactical_rpg,turn_based_grid_tactics,high,high,low,high,high,high,low,slow,"A political tactical RPG built around consequential choices, conviction routes, and dense narrative stakes."
troubleshooter_abandoned_children,Troubleshooter: Abandoned Children,Troubleshooter,tactical_rpg,turn_based_grid_tactics,medium,high,medium,medium,medium,high,medium,slow,A very systems-heavy tactical RPG with huge build depth and a long campaign.
tunic,Tunic,Tunic,action_adventure,isometric_exploration_puzzle,medium,low,medium,high,medium,medium,low,medium,"A mystery-forward action adventure built around discovery and hidden knowledge, with a guide-prone structure for some players."
twelve_minutes,Twelve Minutes,Twelve Minutes,interactive_thriller,time_loop_adventure,high,low,high,high,high,low,high,medium,"A time-loop mystery built on repetition, discovery, and guide-prone puzzle progression rather than broad mechanical variety."
uncharted_2_among_thieves,Uncharted 2: Among Thieves,Uncharted,cinematic_action_adventure,third_person_shooter_climbing,high,high,high,high,medium,medium,low,fast,"A polished adventure blockbuster known for strong pacing, spectacle, and likable cast chemistry."
uncharted_3_drakes_deception,Uncharted 3: Drake's Deception,Uncharted,cinematic_action_adventure,third_person_shooter_climbing,medium,high,high,high,medium,medium,low,fast,A stylish set-piece-driven sequel with fast pacing and familiar character-driven adventure beats.
uncharted_4_a_thiefs_end,Uncharted 4: A Thief's End,Uncharted,cinematic_action_adventure,third_person_shooter_climbing,high,medium,medium,high,medium,medium,medium,medium,A more character-focused and slightly more open Uncharted with stronger emotional grounding.
uncharted_drakes_fortune,Uncharted: Drake's Fortune,Uncharted,cinematic_action_adventure,third_person_shooter_climbing,medium,high,high,high,medium,medium,low,fast,A straightforward cinematic adventure with strong momentum and character banter.
uncharted_the_lost_legacy,Uncharted: The Lost Legacy,Uncharted,cinematic_action_adventure,third_person_shooter_climbing,medium,medium,medium,high,medium,medium,medium,medium,A Chloe-led follow-up with similar pacing and a partially open structure like parts of Uncharted 4.
unicorn_overlord,Unicorn Overlord,Vanillaware,tactical_rpg,real_time_paused_tactics,medium,high,medium,high,medium,high,medium,medium,"A tactical fantasy RPG with strong art direction, party building, and clear progression across a large campaign."
utawarerumono_mask_of_deception,Utawarerumono: Mask of Deception,Utawarerumono,visual_novel_strategy,story_tactics_hybrid,high,medium,medium,high,high,medium,low,slow,A slow-burn but highly regarded story-first sequel with major emotional setup.
utawarerumono_mask_of_truth,Utawarerumono: Mask of Truth,Utawarerumono,visual_novel_strategy,story_tactics_hybrid,high,medium,medium,high,high,medium,low,slow,A payoff-heavy finale to the Utawarerumono arc with strong emotional and political stakes.
utawarerumono_prelude_to_the_fallen,Utawarerumono: Prelude to the Fallen,Utawarerumono,visual_novel_strategy,story_tactics_hybrid,high,medium,medium,high,high,medium,low,slow,A story-heavy tactics hybrid with strong character drama and a large visual-novel component.
vagrant_story,Vagrant Story,Vagrant Story,action_rpg,targeted_action_rpg,high,low,low,high,high,high,low,slow,"A demanding cult classic with brilliant atmosphere and systems, but a steep and opaque learning curve."
valkyria_chronicles_ii,Valkyria Chronicles II,Valkyria Chronicles,tactical_rpg,hybrid_turn_based_action,medium,high,medium,high,medium,high,medium,medium,"A portable tactics sequel with strong systems, but a more fragmented structure than the first game."
valkyrie_profile,Valkyrie Profile,Valkyrie Profile,jrpg,turn_based_combo_rpg,high,medium,medium,high,high,high,medium,medium,"A highly stylized RPG with tragic vignettes, unusual systems, and strong atmosphere."
vanquish,Vanquish,Standalone,third_person_shooter,boost_slide_shooter,low,high,high,high,low,high,low,fast,"A short, high-speed shooter built around aggressive movement, spectacle, and nonstop combat flow."
wario_land_4,Wario Land 4,Wario Land,platformer,exploration_platformer,low,high,high,medium,low,medium,low,fast,A stylish puzzle-platformer with strong handheld pacing and identity.
warioware_get_it_together,WarioWare: Get It Together!,,,,,,,,,,,,Imported from GG App export on 2026-04-08. Metadata pending enrichment. Source: https://ggapp.io/games/kRgMOE/warioware-get-it-together.
wolfenstein_the_new_order,Wolfenstein: The New Order,,,,,,,,,,,,Imported from GG App export on 2026-04-08. Metadata pending enrichment. Source: https://ggapp.io/games/GUsEAW/wolfenstein-the-new-order.
xenoblade_chronicles_2,Xenoblade Chronicles 2,Xenoblade,action_jrpg,real_time_party_action,high,medium,medium,high,high,high,medium,medium,"A long-form party JRPG with very strong emotional arcs, worldbuilding, and late payoff."
xenoblade_chronicles_2_torna_the_golden_country,Xenoblade Chronicles 2: Torna - The Golden Country,,,,,,,,,,,,Imported from GG App export on 2026-04-08. Metadata pending enrichment. Source: https://ggapp.io/games/lJJGUu/xenoblade-chronicles-2-torna-the-golden-country.
xenoblade_chronicles_3,Xenoblade Chronicles 3,Xenoblade,action_jrpg,real_time_party_action,high,medium,medium,high,high,high,medium,medium,"A large-scale party JRPG with emotional bonds, tragic themes, class customization, and a very strong long-arc payoff."
xenogears,Xenogears,Xeno,jrpg,turn_based_combo_rpg,high,medium,medium,high,high,medium,low,medium,"A famous PS1 RPG with huge philosophical ambition, strong emotional ideas, and uneven pacing."
yakuza_like_a_dragon,Yakuza: Like a Dragon,Like a Dragon,jrpg,turn_based_jobs_rpg,high,high,high,high,high,high,medium,medium,"A turn-based party RPG with a strong underdog cast, dramatic story, job systems, and a lot of optional side content that can be ignored if desired."
yoshi,Yoshi,,,,,,,,,,,,Imported from GG App export on 2026-04-08. Metadata pending enrichment. Source: https://ggapp.io/games/RUotBD/yoshi.
ys_seven,Ys Seven,Ys,action_jrpg,party_action_rpg,medium,high,high,high,medium,high,low,fast,A brisk action RPG with strong momentum and approachable party combat.
ys_viii_lacrimosa_of_dana,Ys VIII: Lacrimosa of DANA,Ys,action_jrpg,party_action_rpg,high,high,high,high,high,high,low,fast,"A fast action JRPG with excellent momentum, strong party journey, satisfying exploration, and a very well-liked emotional payoff."
zero_escape_virtues_last_reward,Zero Escape: Virtue's Last Reward,Zero Escape,visual_novel_escape,escape_room_visual_novel,high,medium,high,high,high,low,medium,fast,A twist-heavy sequel with more branching complexity and stronger sci-fi mystery escalation.
zero_time_dilemma,Zero Time Dilemma,Zero Escape,visual_novel_escape,escape_room_visual_novel,medium,medium,high,medium,medium,low,medium,fast,A more divisive but still payoff-relevant conclusion to the Zero Escape trilogy.
zone_of_the_enders,Zone of the Enders,Zone of the Enders,action_game,mecha_action,medium,high,high,high,medium,high,low,fast,A stylish mecha action game with strong pacing and sci-fi atmosphere.
zone_of_the_enders_the_2nd_runner,Zone of the Enders: The 2nd Runner,Zone of the Enders,action_game,mecha_action,high,high,high,high,high,high,low,fast,A highly regarded mecha action sequel with strong story momentum and exhilarating combat.
